fire,cso,poidse1,poidse2,poidse3,csa,v_wac,class_1,class_2,class_3,fire_bb,year
,6A,1,,,,,Other,Missing,Missing,,2018
,1,1,,,,,closed,Missing,closed,,2018
,6A,1,1,,6A,,Other,Other,Missing,,2018
,6A,1,1,,6A,,Other,Other,Missing,,2018
,6A,1,,,,,Other,Missing,closed,,2018
,1,1,,,,,closed,Missing,closed,,2018
,1,1,,,,,closed,Missing,closed,,2018
,6A,1,1,,6A,,Other,Other,Missing,,2018
,6A,1,1,,6A,,Other,Other,Missing,,2018
,6A,1,1,,6A,,Other,Other,Missing,,2018
,6A,1,1,,6A,,Other,Other,Missing,,2018
,6A,1,1,,6A,,Other,Other,Missing,,2018
,6A,1,1,,6A,,Other,Other,Missing,,2018
,1,1,1,,1,,closed,closed,closed,,2018
,7,1,1,,7,,Other,Other,Missing,,2018
,6A,1,1,,6A,,Other,Other,Missing,,2018
,6A,1,1,,6A,,Other,Other,Missing,,2018
,1,1,2.50980401039124,,6H,,closed,Other,closed,,2018
,1,1,,,,,closed,Missing,closed,,2018
,6A,1,1,,6A,,Other,Other,Missing,,2018
,6A,1,1,,6A,,Other,Other,Missing,,2018
,6A,1,1,,6A,,Other,Other,Missing,,2018
,6A,1,1,,6A,,Other,Other,Missing,,2018
,6A,1,1,,6A,,Other,Other,Missing,,2018
,9,1,1,,9,,Other,Other,Missing,,2018
,1,1,,,,,closed,Missing,closed,,2018
,6A,1,1,,6A,,Other,Other,Missing,,2018
,6A,1,,,,,Other,Missing,Missing,,2018
,6A,1,,,,,Other,Missing,Missing,,2018
,9,1,1,,9,,Other,Other,Missing,,2018
,1,1,,,,,closed,Missing,closed,,2018
,7,1,1,,7,,Other,Other,Missing,,2018
,6A,1,1,,6A,,Other,Other,Missing,,2018
,6A,1,,,,,Other,Missing,Missing,,2018
,6A,1,1,,6A,,Other,Other,Missing,,2018
,6A,1,,,,,Other,Missing,Missing,,2018
,6A,1,1,,6A,,Other,Other,Missing,,2018
,6A,1,1,,6A,,Other,Other,Missing,,2018
,1,1,,,,,closed,Missing,closed,,2018
,6A,1,1,,6A,,Other,Other,Missing,,2018
,6A,1,1,,6A,,Other,Other,Missing,,2018
,6A,1,1,,6A,,Other,Other,Missing,,2018
,6A,1,,,,,Other,Missing,Missing,,2018
,6A,1,1,,6A,,Other,Other,Missing,,2018
,6A,1,,,,,Other,Missing,Missing,,2018
,1,1,5.01960802078247,1,1,103.14951937588,closed,closed,closed,,2018
,6A,1,1,,6A,,Other,Other,Missing,,2018
,6A,1,1,,6A,,Other,Other,Missing,,2018
,1,1,2.50980401039124,1,1,115.645641174515,closed,closed,closed,,2018
,6A,1,1,,6A,,Other,Other,Missing,,2018
,6A,1,1,,6A,,Other,Other,Missing,,2018
,7,1,1,,7,,Other,Other,Missing,,2018
,6A,1,1,,6A,,Other,Other,Missing,,2018
,6A,1,1,,6A,,Other,Other,Missing,,2018
,6A,1,1,,6A,,Other,Other,Missing,,2018
,6A,1,1,,6A,,Other,Other,Missing,,2018
,6A,1,1,,6A,,Other,Other,Missing,,2018
,6A,1,1,,6A,,Other,Other,Missing,,2018
,1,1,,,,,closed,Missing,closed,,2018
,3,1,5.01960802078247,1,1,1.085563298256,Opened,closed,closed,,2018
,6A,1,,,,,Other,Missing,Missing,,2018
,6A,1,1,,6A,,Other,Other,Missing,,2018
,7,1,1,,7,,Other,Other,Missing,,2018
,6A,1,1,,6A,,Other,Other,Missing,,2018
,7,1,,,,,Other,Missing,Missing,,2018
,1,1,,,,,closed,Missing,closed,,2018
,6A,1,1,,6A,,Other,Other,Missing,,2018
,6A,1,1,,6A,,Other,Other,Missing,,2018
,6A,1,,,,,Other,Missing,Missing,,2018
,4L,1,,,,,Lande,Missing,Lande,,2018
,1,1,,,,,closed,Missing,closed,,2018
,6A,1,1,,6A,,Other,Other,Missing,,2018
,6A,1,1,,6A,,Other,Other,Missing,,2018
,6A,1,1,,6A,,Other,Other,Missing,,2018
,6A,1,,,,,Other,Missing,Missing,,2018
,1,1,,,,,closed,Missing,closed,,2018
,6A,1,1,,6A,,Other,Other,Missing,,2018
,6A,1,1,,6A,,Other,Other,Missing,,2018
,6A,1,1,,6A,,Other,Other,Missing,,2018
,3,1,,,,,Opened,Missing,closed,,2018
,6A,1,1,,6A,,Other,Other,Missing,,2018
,6A,1,1,,6A,,Other,Other,Missing,,2018
,6A,1,1,,6A,,Other,Other,Missing,,2018
,6A,1,1,,6A,,Other,Other,Missing,,2018
,6A,1,1,,6A,,Other,Other,Missing,,2018
,6A,1,1,,6A,,Other,Other,Missing,,2018
,7,1,1,,7,,Other,Other,Missing,,2018
,6A,1,1,,6A,,Other,Other,Missing,,2018
,7,1,1,,7,,Other,Other,Missing,,2018
,6A,1,1,,6A,,Other,Other,Missing,,2018
,6A,1,1,,6A,,Other,Other,Missing,,2018
,6A,1,1,,6A,,Other,Other,Missing,,2018
,6A,1,8,,6A,,Other,Other,Missing,,2018
,1,1,,,,,closed,Missing,closed,,2018
,6A,1,1,,6A,,Other,Other,Missing,,2018
,1,1,2.50980401039124,,1,,closed,closed,closed,,2018
,6A,1,1,,6A,,Other,Other,Missing,,2018
,6A,1,1,,6A,,Other,Other,Missing,,2018
,6A,1,1,,6A,,Other,Other,Missing,,2018
,6A,1,1,,6A,,Other,Other,Missing,,2018
,6A,1,1,,6A,,Other,Other,Missing,,2018
,4L,1,,,,,Lande,Missing,Missing,,2018
,6A,1,,,,,Other,Missing,Missing,,2018
,6A,1,1,,6A,,Other,Other,Missing,,2018
,6A,1,1,,6A,,Other,Other,Missing,,2018
,1,1,,,,,closed,Missing,closed,,2018
,1,1,,,,,closed,Missing,closed,,2018
,1,1,,,,,closed,Missing,closed,,2018
,4L,1,,,,,Lande,Missing,Lande,,2018
,6H,1,1,,6H,,Other,Other,Missing,,2018
,1,1,5.01960802078247,1,1,172.929791384031,closed,closed,closed,,2018
,6A,1,,,,,Other,Missing,Missing,,2018
,6A,1,1,,6A,,Other,Other,Missing,,2018
,6A,1,,,,,Other,Missing,Missing,,2018
,6A,1,1,,6A,,Other,Other,Missing,,2018
,6A,1,1,,6A,,Other,Other,Missing,,2018
,6A,1,1,,6A,,Other,Other,Missing,,2018
,6A,1,1,,6A,,Other,Other,Missing,,2018
,6A,1,1,,6A,,Other,Other,Missing,,2018
,6A,1,1,,6A,,Other,Other,Missing,,2018
,6A,1,1,,6A,,Other,Other,Missing,,2018
,1,1,,,,,closed,Missing,closed,,2018
,1,1,5.01960802078247,,6A,,closed,Other,closed,,2018
,6A,1,1,,6A,,Other,Other,Missing,,2018
,6A,1,1,,6A,,Other,Other,Missing,,2018
,1,1,,,,,closed,Missing,closed,,2018
,6A,1,,,,,Other,Missing,Missing,,2018
,1,1,,,,,closed,Missing,closed,,2018
,1,1,5.01960802078247,,4L,,closed,Other,Lande,,2018
,1,1,,,,,closed,Missing,closed,,2018
,4L,1,8,,6H,,Lande,Lande,Lande,,2018
,1,1,,,,,closed,Missing,closed,,2018
,1,1,,,,,closed,Missing,closed,,2018
,1,1,,,,,closed,Missing,closed,,2018
,1,1,1,,1,,closed,closed,Missing,,2018
,1,1,,,,,closed,Missing,closed,,2018
,4L,1,,,,,Lande,Missing,Lande,,2018
,6A,1,1,,6A,,Other,Other,Missing,,2018
,1,1,1,,1,,closed,closed,closed,,2018
,6A,1,1,,6A,,Other,Other,Missing,,2018
,6A,1,1,,6A,,Other,Other,Lande,,2018
,6A,1,1,,6A,,Other,Other,Missing,,2018
,3,1,1,,3,,Opened,Opened,Missing,,2018
,6A,1,1,,6A,,Other,Other,Missing,,2018
,6A,1,1,,6A,,Other,Other,Missing,,2018
,1,1,2.50980401039124,1,3,,closed,Other,closed,,2018
,1,1,,,,,closed,Missing,closed,,2018
,1,1,,,,,closed,Missing,closed,,2018
,1,1,,,,,closed,Missing,closed,,2018
,6A,1,,,,,Other,Missing,Missing,,2018
,1,1,,,,,closed,Missing,closed,,2018
,1,1,,,,,closed,Missing,closed,,2018
,1,1,,,,,closed,Missing,closed,,2018
,1,1,,,,,closed,Missing,closed,,2018
,1,1,,,,,closed,Missing,closed,,2018
,1,1,,,,,closed,Missing,closed,,2018
,1,1,,,,,closed,Missing,closed,,2018
,1,1,,,,,closed,Missing,closed,,2018
,1,1,5.01960802078247,1,1,363.1381188955,closed,closed,closed,,2018
,1,1,,,,,closed,Missing,closed,,2018
,1,1,5.01960802078247,1,1,58.8433564927845,closed,closed,closed,,2018
,1,1,,,,,closed,Missing,closed,,2018
,6A,1,1,,6A,,Other,Other,Missing,,2018
,1,1,,,,,closed,Missing,closed,,2018
,6A,1,1,,6A,,Other,Other,Missing,,2018
,6A,1,1,,6A,,Other,Other,Missing,,2018
,1,1,5.01960802078247,,1,,closed,closed,closed,,2018
,1,1,,,,,closed,Missing,closed,,2018
,6A,1,1,,6A,,Other,Other,Missing,,2018
,6A,1,1,,6A,,Other,Other,Missing,,2018
,6A,1,1,,6A,,Other,Other,Missing,,2018
,6A,1,1,,6A,,Other,Other,Missing,,2018
,1,1,5.01960802078247,1,1,67.4905975934441,closed,closed,closed,,2018
,1,1,,,,,closed,Missing,closed,,2018
,1,1,5.01960802078247,1,1,396.987571784466,closed,closed,closed,,2018
,1,1,,,,,closed,Missing,closed,,2018
,6A,1,1,,6A,,Other,Other,Missing,,2018
,1,1,,,,,closed,Missing,closed,,2018
,6A,1,1,,6A,,Other,Other,Missing,,2018
,1,1,,,,,closed,Missing,closed,,2018
,1,1,5.01960802078247,,1,,closed,closed,closed,,2018
,1,1,,,,,closed,Missing,closed,,2018
,1,1,5.01960802078247,1,1,264.33571774241,closed,closed,closed,,2018
,6A,1,1,,6A,,Other,Other,Missing,,2018
,1,1,,,,,closed,Missing,closed,,2018
,6A,1,1,,6A,,Other,Other,Missing,,2018
,1,1,,,,,closed,Missing,closed,,2018
,1,1,,,,,closed,Missing,closed,,2018
,1,1,,,,,closed,Missing,closed,,2018
,6A,1,1,,6A,,Other,Other,Opened,,2018
,7,1,1,,7,,Other,Other,Missing,,2018
,6A,1,1,,6A,,Other,Other,Missing,,2018
,1,1,,,,,closed,Missing,closed,,2018
,6A,1,1,,6A,,Other,Other,Missing,,2018
,1,1,,,,,closed,Missing,closed,,2018
,4L,1,,,,,Lande,Missing,closed,,2018
,1,1,,,,,closed,Missing,closed,,2018
,6A,1,,,,,Other,Missing,closed,,2018
,1,1,,,,,closed,Missing,Opened,,2018
,6A,1,1,,6A,,Other,Other,Missing,,2018
,1,1,,,,,closed,Missing,closed,,2018
,1,1,,,,,closed,Missing,closed,,2018
,6A,1,1,,6A,,Other,Other,Missing,,2018
,1,1,,,,,closed,Missing,closed,,2018
,1,1,,,,,closed,Missing,closed,,2018
,1,1,,,,,closed,Missing,closed,,2018
,1,1,,,,,closed,Missing,closed,,2018
,1,1,,,,,closed,Missing,closed,,2018
,1,1,,,,,closed,Missing,closed,,2018
,1,1,,,,,closed,Missing,closed,,2018
,1,1,,,,,closed,Missing,closed,,2018
,1,1,5.01960802078247,,1,,closed,closed,Missing,,2018
,3,1,,,,,Opened,Missing,Lande,,2018
,6A,1,1,,6A,,Other,Other,Missing,,2018
,6A,1,1,,6A,,Other,Other,Missing,,2018
,6A,1,,,,,Other,Missing,Missing,,2018
,6A,1,1,,6A,,Other,Other,Missing,,2018
,6A,1,1,,6A,,Other,Other,Missing,,2018
,6A,1,1,,6A,,Other,Other,Missing,,2018
,6A,1,1,,6A,,Other,Other,Missing,,2018
,6A,1,1,,6A,,Other,Other,Missing,,2018
,7,1,1,,7,,Other,Other,Missing,,2018
,6A,1,1,,6A,,Other,Other,Missing,,2018
,4L,1,,,,,Lande,Missing,Lande,,2018
,6A,1,,,,,Other,Missing,Missing,,2018
,6A,1,1,,6A,,Other,Other,Missing,,2018
,1,1,,,,,closed,Missing,closed,,2018
,1,1,5.01960802078247,1,1,49.5997233436333,closed,closed,closed,,2018
,1,1,,,,,closed,Missing,closed,,2018
,1,1,5.01960802078247,,1,,closed,closed,closed,,2018
,1,1,,,,,closed,Missing,closed,,2018
,6A,1,1,,6A,,Other,Other,Missing,,2018
,1,1,,,,,closed,Missing,closed,,2018
,1,1,,,,,closed,Missing,closed,,2018
,1,1,,,,,closed,Missing,closed,,2018
,1,1,,,,,closed,Missing,closed,,2018
,3,1,,,,,Opened,Missing,Opened,,2018
,3,1,,,,,Opened,Missing,Lande,,2018
,7,1,1,,7,,Other,Other,Missing,,2018
,7,1,1,,7,,Other,Other,Missing,,2018
,6A,1,1,,6A,,Other,Other,Missing,,2018
,7,1,1,,7,,Other,Other,Missing,,2018
,1,1,,,,,closed,Missing,closed,,2018
,6A,1,1,,6A,,Other,Other,Missing,,2018
,6A,1,1,,6A,,Other,Other,Missing,,2018
,1,1,,,,,closed,Missing,closed,,2018
,3,1,,,,,Opened,Missing,Opened,,2018
,1,1,,,,,closed,Missing,closed,,2018
,4L,1,,,,,Lande,Missing,Lande,,2018
,1,1,,,,,closed,Missing,Opened,,2018
,7,1,1,,7,,Other,Other,Missing,,2018
,3,1,1,,3,,Opened,Opened,Missing,,2018
,1,1,,,,,closed,Missing,closed,,2018
,6A,1,1,,6A,,Other,Other,closed,,2018
,1,1,,,,,closed,Missing,closed,,2018
,3,1,,,,,Opened,Missing,Opened,,2018
,1,1,,,,,closed,Missing,closed,,2018
,1,1,,,,,closed,Missing,closed,,2018
,3,1,5.01960802078247,1,3,,Opened,Opened,Opened,,2018
,1,1,,,,,closed,Missing,closed,,2018
,3,1,5.01960802078247,1,1,14.9297474469308,Opened,closed,closed,,2018
,1,1,,,,,closed,Missing,closed,,2018
,1,1,5.01960802078247,1,1,104.14770495421,closed,closed,closed,,2018
,6A,1,1,,6A,,Other,Other,Missing,,2018
,3,1,2.50980401039124,1,1,14.12605512486,Opened,closed,closed,,2018
,1,1,,,,,closed,Missing,closed,,2018
,6A,1,1,,6A,,Other,Other,Missing,,2018
,1,1,,,,,closed,Missing,closed,,2018
,1,1,5.01960802078247,1,1,17.0188845192948,closed,closed,closed,,2018
,7,1,1,,7,,Other,Other,Missing,,2018
,6A,1,8,,4L,,Other,Other,Lande,,2018
,6A,1,1,,6A,,Other,Other,Missing,,2018
,6A,1,,,,,Other,Missing,Missing,,2018
,1,1,,,,,closed,Missing,closed,,2018
,1,1,5.01960802078247,1,1,,closed,closed,closed,,2018
,3,1,,,,,Opened,Missing,Opened,,2018
,3,1,5.01960802078247,1,1,16.7609911622936,Opened,closed,Opened,,2018
,1,1,,,,,closed,Missing,closed,,2018
,1,1,5.01960802078247,1,1,204.094707825394,closed,closed,closed,,2018
,1,1,,,,,closed,Missing,closed,,2018
,1,1,5.01960802078247,1,1,68.7666135525632,closed,closed,closed,,2018
,1,1,,,,,closed,Missing,closed,,2018
,1,1,5.01960802078247,1,1,48.210272841248,closed,closed,closed,,2018
,4L,1,,,,,Lande,Missing,closed,,2018
,1,1,5.01960802078247,,7,,closed,Other,closed,,2018
,1,1,,,,,closed,Missing,closed,,2018
,1,1,,,,,closed,Missing,closed,,2018
,1,1,,,,,closed,Missing,closed,,2018
,1,1,,,,,closed,Missing,closed,,2018
,3,1,,,,,Opened,Missing,closed,,2018
,6A,1,1,,6A,,Other,Other,Missing,,2018
,6A,1,1,,6A,,Other,Other,Missing,,2018
,7,1,1,,7,,Other,Other,Missing,,2018
,3,1,1,,3,,Opened,Opened,Missing,,2018
,6A,1,1,,6A,,Other,Other,Missing,,2018
,1,1,,,,,closed,Missing,Missing,,2018
,3,1,2.50980401039124,,6A,,Opened,Opened,Opened,,2018
,1,1,,,,,closed,Missing,closed,,2018
,3,1,,,,,Opened,Missing,closed,,2018
,1,1,,,,,closed,Missing,closed,,2018
,1,1,,,,,closed,Missing,closed,,2018
,1,1,,,,,closed,Missing,closed,,2018
,1,1,2.50980401039124,,1,,closed,closed,closed,,2018
,1,1,,,,,closed,Missing,closed,,2018
,6A,1,1,,6A,,Other,Other,Missing,,2018
,1,1,,,,,closed,Missing,closed,,2018
,1,1,,,,,closed,Missing,closed,,2018
,1,1,,,,,closed,Missing,closed,,2018
,1,1,,,,,closed,Missing,closed,,2018
,1,1,,,,,closed,Missing,closed,,2018
,1,1,,,,,closed,Missing,closed,,2018
,1,1,,,,,closed,Missing,closed,,2018
,1,1,,,,,closed,Missing,closed,,2018
,1,1,5.01960802078247,1,1,213.075758863527,closed,closed,closed,,2018
,1,1,,,,,closed,Missing,closed,,2018
,1,1,,,,,closed,Missing,closed,,2018
,6A,1,1,,6A,,Other,Other,Missing,,2018
,1,1,5.01960802078247,,1,,closed,closed,closed,,2018
,1,1,,,,,closed,Missing,closed,,2018
,6A,1,8,,1,,Other,closed,closed,,2018
,7,1,1,,7,,Other,Other,Missing,,2018
,1,1,5.01960802078247,1,1,13.1982477903354,closed,closed,closed,,2018
,1,1,,,,,closed,Missing,closed,,2018
,1,1,2.50980401039124,,7,,closed,Other,closed,,2018
,1,1,,,,,closed,Missing,closed,,2018
,6A,1,1,,6A,,Other,Other,Missing,,2018
,7,1,1,,7,,Other,Other,closed,,2018
,1,1,,,,,closed,Missing,closed,,2018
,6A,1,1,,6A,,Other,Other,Missing,,2018
,1,1,5.01960802078247,1,1,84.8117126466287,closed,closed,closed,,2018
,1,1,,,,,closed,Missing,closed,,2018
,1,1,,,,,closed,Missing,closed,,2018
,4L,1,,,,,Lande,Missing,closed,,2018
,1,1,5.01960802078247,1,1,57.9617357769876,closed,closed,closed,,2018
,1,1,,,,,closed,Missing,closed,,2018
,1,1,,,,,closed,Missing,closed,,2018
,1,1,,,,,closed,Missing,closed,,2018
,1,1,5.01960802078247,,1,,closed,closed,closed,,2018
,1,1,,,,,closed,Missing,closed,,2018
,1,1,,,,,closed,Missing,closed,,2018
,6A,1,1,,6A,,Other,Other,Missing,,2018
,1,1,,,,,closed,Missing,closed,,2018
,6A,1,,,,,Other,Missing,Missing,,2018
,6A,1,,,,,Other,Missing,Missing,,2018
,1,1,1,,1,,closed,closed,Missing,,2018
,1,1,,,,,closed,Missing,closed,,2018
,1,1,,,,,closed,Missing,closed,,2018
,1,1,,,,,closed,Missing,Opened,,2018
,1,1,,,,,closed,Missing,closed,,2018
,6A,1,1,,6A,,Other,Other,Missing,,2018
,1,1,,,,,closed,Missing,closed,,2018
,1,1,,,,,closed,Missing,Opened,,2018
,6A,1,1,,6A,,Other,Other,Missing,,2018
,1,1,,,,,closed,Missing,closed,,2018
,1,1,,,,,closed,Missing,closed,,2018
,1,1,,,,,closed,Missing,closed,,2018
,1,1,,,,,closed,Missing,closed,,2018
,1,1,,,,,closed,Missing,closed,,2018
,1,1,,,,,closed,Missing,closed,,2018
,3,1,,,,,Opened,Missing,Lande,,2018
,4L,1,,,,,Lande,Missing,Lande,,2018
,1,1,,,,,closed,Missing,Opened,,2018
,6H,1,1,,6H,,Other,Other,Lande,,2018
,4L,1,,,,,Lande,Missing,Opened,,2018
,6A,1,1,,6A,,Other,Other,Missing,,2018
,6A,1,1,,6A,,Other,Other,Missing,,2018
,6A,1,1,,6A,,Other,Other,Missing,,2018
,6A,1,1,,6A,,Other,Other,Missing,,2018
,6A,1,1,,6A,,Other,Other,Missing,,2018
,1,1,,,,,closed,Missing,closed,,2018
,4L,1,,,,,Lande,Missing,Opened,,2018
,1,1,5.01960802078247,1,3,,closed,Other,closed,,2018
,1,1,,,,,closed,Missing,closed,,2018
,1,1,5.01960802078247,1,1,91.4588293901672,closed,closed,closed,,2018
,1,1,,,,,closed,Missing,closed,,2018
,1,1,5.01960802078247,1,1,535.317143726915,closed,closed,closed,,2018
,1,1,,,,,closed,Missing,closed,,2018
,1,1,5.01960802078247,1,1,77.3715634415258,closed,closed,closed,,2018
,1,1,,,,,closed,Missing,closed,,2018
,1,1,5.01960802078247,,6A,,closed,Other,Missing,,2018
,1,1,,,,,closed,Missing,closed,,2018
,1,1,5.01960802078247,1,1,100.700475778115,closed,closed,closed,,2018
,1,1,,,,,closed,Missing,closed,,2018
,1,1,5.01960802078247,1,1,59.73726135844,closed,closed,closed,,2018
,6A,1,1,,6A,,Other,Other,Missing,,2018
,6A,1,1,,6A,,Other,Other,Missing,,2018
,6A,1,,,,,Other,Missing,Missing,,2018
,6A,1,1,,6A,,Other,Other,Missing,,2018
,6A,1,1,,6A,,Other,Other,Missing,,2018
,1,1,,,,,closed,Missing,closed,,2018
,3,1,,,,,Opened,Missing,Lande,,2018
,6A,1,1,,6A,,Other,Other,Missing,,2018
,6A,1,,,,,Other,Missing,Missing,,2018
,1,1,,,,,closed,Missing,closed,,2018
,1,1,,,,,closed,Missing,closed,,2018
,1,1,,,,,closed,Missing,closed,,2018
,6H,1,,,,,Other,Missing,Opened,,2018
,1,1,,,,,closed,Missing,closed,,2018
,6A,1,,,,,Other,Missing,Missing,,2018
,1,1,,,,,closed,Missing,closed,,2018
,6A,1,1,,6A,,Other,Other,Missing,,2018
,6A,1,1,,6A,,Other,Other,Missing,,2018
,6A,1,1,,6A,,Other,Other,Missing,,2018
,6A,1,,,,,Other,Missing,Missing,,2018
,1,1,2.50980401039124,1,1,273.781955379872,closed,closed,closed,,2018
,6A,1,1,,6A,,Other,Other,Missing,1,2018
,6A,1,1,,6A,,Other,Other,Missing,,2018
,3,1,,,,,Opened,Missing,Lande,,2018
,1,1,,,,,closed,Missing,closed,,2018
,4L,1,,,,,Lande,Missing,Lande,,2018
,1,1,5.01960802078247,1,1,54.8068053786282,closed,closed,closed,,2018
,1,1,,,,,closed,Missing,closed,,2018
,6A,1,1,,6A,,Other,Other,Missing,,2018
,1,1,,,,,closed,Missing,closed,,2018
,1,1,5.01960802078247,,1,,closed,closed,closed,,2018
,1,1,,,,,closed,Missing,closed,,2018
,1,1,,,,,closed,Missing,closed,,2018
,1,1,,,,,closed,Missing,closed,,2018
,6A,1,1,,6A,,Other,Other,Missing,,2018
,6A,1,1,,6A,,Other,Other,Missing,,2018
,6A,1,1,,6A,,Other,Other,Missing,,2018
,6A,1,1,,6A,,Other,Other,Missing,,2018
,6A,1,1,,6A,,Other,Other,Missing,1,2018
1,3,1,,,,,Opened,Missing,closed,1,2018
,1,1,,,,,closed,Missing,closed,1,2018
,1,1,,,,,closed,Missing,closed,1,2018
,1,1,,,,,closed,Missing,closed,1,2018
,1,1,,,,,closed,Missing,closed,,2018
,6A,1,1,,6A,,Other,Other,Opened,,2018
,1,1,,,,,closed,Missing,closed,,2018
,3,1,,,,,Opened,Missing,Lande,,2018
,1,1,,,,,closed,Missing,closed,,2018
,1,1,,,,,closed,Missing,closed,,2018
,1,1,,,,,closed,Missing,closed,,2018
,4L,1,,,,,Lande,Missing,Opened,,2018
,6A,1,1,,6A,,Other,Other,Missing,,2018
,6A,1,1,,6A,,Other,Other,Missing,,2018
,6A,1,1,,6A,,Other,Other,Missing,,2018
,1,1,2.50980401039124,1,1,31.9139969986697,closed,closed,closed,1,2018
,1,1,,,,,closed,Missing,Missing,1,2018
,6A,1,8,,6A,,Other,Other,Missing,1,2018
1,1,1,,,,,closed,Missing,closed,1,2018
,1,1,2.50980401039124,1,1,17.5809614416035,closed,closed,closed,1,2018
,1,1,,,,,closed,Missing,closed,1,2018
,1,1,5.01960802078247,,4L,,closed,Other,Opened,1,2018
,3,1,,,,,Opened,Missing,Opened,1,2018
,3,1,5.01960802078247,1,1,,Opened,closed,Lande,,2018
,1,1,,,,,closed,Missing,closed,,2018
,1,1,5.01960802078247,1,1,97.2037904473288,closed,closed,closed,,2018
,1,1,,,,,closed,Missing,closed,,2018
,1,1,2.50980401039124,,4L,,closed,Other,closed,,2018
,1,1,1,,1,,closed,closed,Missing,,2018
,6A,1,1,,6A,,Other,Other,Missing,1,2018
,6A,1,1,,6A,,Other,Other,Missing,1,2018
,6A,1,1,,6A,,Other,Other,Missing,1,2018
,1,1,,,,,closed,Missing,closed,1,2018
1,1,1,2.50980401039124,1,1,79.5269802038674,closed,closed,closed,1,2018
,7,1,1,,7,,Other,Other,Missing,1,2018
,3,1,2.50980401039124,,4L,,Opened,Opened,Lande,1,2018
,3,1,,,,,Opened,Missing,Opened,1,2018
,1,1,,,,,closed,Missing,closed,1,2018
,1,1,,,,,closed,Missing,closed,,2018
,1,1,2.50980401039124,1,1,32.6881636241488,closed,closed,closed,,2018
,1,1,,,,,closed,Missing,closed,,2018
,1,1,,,,,closed,Missing,closed,,2018
,4L,1,,,,,Lande,Missing,Missing,,2018
,1,1,2.50980401039124,1,1,71.7119132142345,closed,closed,closed,,2018
,1,1,1,,1,,closed,closed,Missing,,2018
,7,1,1,,7,,Other,Other,Missing,,2018
,1,1,,,,,closed,Missing,closed,1,2018
,6A,1,1,,6A,,Other,Other,Missing,1,2018
,6A,1,1,,6A,,Other,Other,Missing,1,2018
,6A,1,1,,6A,,Other,Other,Missing,1,2018
1,1,1,,,,,closed,Missing,closed,1,2018
1,1,1,,,,,closed,Missing,Opened,1,2018
,6A,1,1,,6A,,Other,Other,Missing,1,2018
,1,1,5.01960802078247,1,1,,closed,closed,closed,1,2018
,1,1,,,,,closed,Missing,closed,1,2018
,1,1,,,,,closed,Missing,closed,,2018
,1,1,,,,,closed,Missing,closed,,2018
,3,1,5.01960802078247,1,1,,Opened,closed,closed,,2018
,1,1,,,,,closed,Missing,closed,,2018
,1,1,,,,,closed,Missing,closed,,2018
,7,1,1,,7,,Other,Other,Missing,,2018
,6A,1,1,,6A,,Other,Other,Missing,,2018
,6A,1,1,,6A,,Other,Other,Missing,,2018
,6A,1,1,,6A,,Other,Other,Missing,,2018
,7,1,1,,7,,Other,Other,Missing,1,2018
,4L,1,,,,,Lande,Missing,Missing,1,2018
,7,1,1,,7,,Other,Other,Missing,1,2018
,3,1,,,,,Opened,Missing,Opened,1,2018
,4L,1,,,,,Lande,Missing,Opened,1,2018
1,1,1,,,,,closed,Missing,Lande,1,2018
1,1,1,,,,,closed,Missing,Lande,1,2018
1,4L,1,,,,,Lande,Missing,Lande,1,2018
,1,1,,,,,closed,Missing,closed,1,2018
,1,1,2.50980401039124,1,1,10.6110257427411,closed,closed,closed,1,2018
,1,1,,,,,closed,Missing,closed,,2018
,4L,1,,,,,Lande,Missing,Lande,,2018
,1,1,,,,,closed,Missing,closed,,2018
,4L,1,,,,,Lande,Missing,Lande,,2018
,6A,1,1,,6A,,Other,Other,Missing,,2018
,1,1,1,,1,,closed,closed,Missing,,2018
,6A,1,,,,,Other,Missing,Missing,,2018
,6A,1,1,,6A,,Other,Other,Missing,,2018
,6A,1,1,,6A,,Other,Other,Missing,1,2018
,1,1,1,,1,,closed,closed,Missing,1,2018
,6A,1,1,,6A,,Other,Other,Missing,1,2018
,6A,1,1,,6A,,Other,Other,Missing,1,2018
,3,1,5.01960802078247,1,1,30.4598354538047,Opened,closed,Opened,1,2018
1,4L,1,,,,,Lande,Missing,Lande,1,2018
1,1,1,5.01960802078247,,4L,,closed,Other,Lande,1,2018
,6A,1,1,,6A,,Other,Other,Missing,1,2018
,1,1,,,,,closed,Missing,Lande,1,2018
,1,1,,,,,closed,Missing,closed,,2018
,1,1,2.50980401039124,,4L,,closed,Other,Opened,,2018
,1,1,,,,,closed,Missing,closed,,2018
,4L,1,4,,4L,,Lande,Lande,Lande,,2018
,4L,1,,,,,Lande,Missing,closed,,2018
,6A,1,1,,6A,,Other,Other,Missing,,2018
,1,1,2.50980401039124,1,1,83.205081078301,closed,closed,closed,,2018
,6A,1,1,,6A,,Other,Other,Missing,,2018
,6A,1,1,,6A,,Other,Other,Missing,,2018
,6A,1,1,,6A,,Other,Other,Missing,1,2018
,1,1,,,,,closed,Missing,closed,1,2018
,1,1,,,,,closed,Missing,closed,1,2018
,6A,1,,,,,Other,Missing,Missing,1,2018
,4L,1,,,,,Lande,Missing,Opened,1,2018
,4L,1,,,,,Lande,Missing,Lande,1,2018
1,6A,1,1,,6A,,Other,Other,Missing,1,2018
1,3,1,,,,,Opened,Missing,Lande,1,2018
,1,1,,,,,closed,Missing,closed,1,2018
,1,1,,,,,closed,Missing,Opened,,2018
,1,1,,,,,closed,Missing,closed,,2018
,6A,1,1,,6A,,Other,Other,Missing,,2018
,6A,1,1,,6A,,Other,Other,Lande,,2018
,7,1,1,,7,,Other,Other,Lande,,2018
,6A,1,1,,6A,,Other,Other,Missing,,2018
,6A,1,1,,6A,,Other,Other,Missing,,2018
,6A,1,1,,6A,,Other,Other,Missing,,2018
,6A,1,1,,6A,,Other,Other,Missing,1,2018
,6A,1,1,,6A,,Other,Other,Missing,1,2018
,4L,1,,,,,Lande,Missing,Lande,1,2018
,3,1,5.01960802078247,1,1,9.3956333200428,Opened,closed,Opened,1,2018
,1,1,,,,,closed,Missing,closed,1,2018
,3,1,5.01960802078247,1,3,,Opened,Opened,Lande,1,2018
,3,1,,,,,Opened,Missing,Opened,1,2018
,6A,1,1,,6A,,Other,Other,Missing,1,2018
1,4L,1,,,,,Lande,Missing,Lande,1,2018
,1,1,5.01960802078247,1,1,21.4175097076951,closed,closed,closed,1,2018
,6A,1,1,,6A,,Other,Other,Missing,,2018
,3,1,5.01960802078247,,4L,,Opened,Opened,Lande,,2018
,7,1,1,,7,,Other,Other,Missing,,2018
,6A,1,1,,6A,,Other,Other,Missing,,2018
,6A,1,1,,6A,,Other,Other,Missing,,2018
,4L,1,,,,,Lande,Missing,Lande,1,2018
1,4L,1,,,,,Lande,Missing,Lande,1,2018
1,3,1,,,,,Opened,Missing,Opened,1,2018
,6A,1,1,,6A,,Other,Other,Missing,1,2018
,3,1,,,,,Opened,Missing,Lande,1,2018
,3,1,2.50980401039124,,4L,,Opened,Opened,Opened,1,2018
,3,1,,,,,Opened,Missing,Lande,1,2018
,6A,1,1,,6A,,Other,Other,Missing,1,2018
,4L,1,,,,,Lande,Missing,Lande,1,2018
,3,1,,,,,Opened,Missing,Lande,,2018
,6A,1,1,,6A,,Other,Other,Missing,,2018
,6A,1,1,,6A,,Other,Other,Missing,,2018
,6A,1,1,,6A,,Other,Other,Missing,,2018
,9,1,1,,9,,Other,Other,Missing,1,2018
,6A,1,1,,6A,,Other,Other,Lande,1,2018
,6A,1,1,,6A,,Other,Other,Missing,1,2018
1,1,1,2.50980401039124,1,1,30.494853139884,closed,closed,closed,1,2018
,9,1,1,,9,,Other,Other,Missing,1,2018
,6A,1,1,,6A,,Other,Other,Lande,1,2018
,1,1,,,,,closed,Missing,closed,1,2018
,3,1,5.01960802078247,,6A,,Opened,Opened,Opened,1,2018
,3,1,,,,,Opened,Missing,Lande,1,2018
,6A,1,1,,6A,,Other,Other,Lande,,2018
,1,1,,,,,closed,Missing,closed,,2018
,9,1,1,,9,,Other,Other,Missing,,2018
,6A,1,1,,6A,,Other,Other,Missing,,2018
,6A,1,1,,6A,,Other,Other,Missing,,2018
,6A,1,1,,6A,,Other,Other,Missing,,2018
,4L,1,,,,,Lande,Missing,Lande,1,2018
,9,1,1,,9,,Other,Other,Missing,1,2018
,9,1,1,,9,,Other,Other,Missing,1,2018
,6A,1,1,,6A,,Other,Other,Missing,1,2018
,6A,1,1,,6A,,Other,Other,Missing,1,2018
,1,1,,,,,closed,Missing,closed,1,2018
,3,1,,,,,Opened,Missing,Lande,1,2018
,3,1,,,,,Opened,Missing,Lande,,2018
,3,1,,,,,Opened,Missing,Lande,,2018
,6A,1,1,,6A,,Other,Other,Missing,,2018
,1,1,,,,,closed,Missing,closed,,2018
,7,1,1,,7,,Other,Other,Missing,,2018
,3,1,,,,,Opened,Missing,closed,,2018
,4L,1,,,,,Lande,Missing,Lande,,2018
,4L,1,,,,,Lande,Missing,Lande,,2018
,9,1,1,,9,,Other,Other,Missing,,2018
,9,1,1,,9,,Other,Other,Missing,1,2018
,9,1,1,,9,,Other,Other,Missing,1,2018
,4L,1,,,,,Lande,Missing,Opened,1,2018
,7,1,1,,7,,Other,Other,Missing,1,2018
,6A,1,,,,,Other,Missing,Missing,1,2018
,6A,1,,,,,Other,Missing,Missing,,2018
,4L,1,,,,,Lande,Missing,Lande,,2018
,4L,1,,,,,Lande,Missing,closed,,2018
,3,1,,,,,Opened,Missing,Opened,,2018
,6A,1,1,,6A,,Other,Other,Missing,,2018
,6A,1,1,,6A,,Other,Other,Missing,,2018
,6A,1,1,,6A,,Other,Other,Missing,,2018
,7,1,1,,7,,Other,Other,Missing,,2018
,9,1,1,,9,,Other,Other,Missing,,2018
,9,1,1,,9,,Other,Other,Missing,,2018
,9,1,1,,9,,Other,Other,Missing,,2018
,7,1,1,,7,,Other,Other,Missing,,2018
,9,1,1,,9,,Other,Other,Missing,1,2018
,9,1,1,,9,,Other,Other,Missing,1,2018
,9,1,1,,9,,Other,Other,Missing,,2018
,1,1,1,,1,,closed,closed,closed,,2018
,1,1,,,,,closed,Missing,closed,,2018
,3,1,1,,3,,Opened,Opened,Missing,,2018
,3,1,5.01960802078247,1,1,13.4554433226492,Opened,closed,Lande,,2018
,7,1,1,,7,,Other,Other,Missing,,2018
,4L,1,8,,4L,,Lande,Lande,Lande,,2018
,9,1,1,,9,,Other,Other,Missing,,2018
,9,1,1,,9,,Other,Other,Missing,,2018
,6A,1,1,,6A,,Other,Other,Missing,,2018
,1,1,5.01960802078247,,4L,,closed,Other,closed,,2018
,6A,1,1,,6A,,Other,Other,Missing,,2018
,3,1,5.01960802078247,,4L,,Opened,Opened,Opened,,2018
,1,1,,,,,closed,Missing,Opened,,2018
,4L,1,,,,,Lande,Missing,Opened,,2018
,1,1,,,,,closed,Missing,closed,,2018
,6H,1,1,,6H,,Other,Other,Lande,,2019
,1,1,,,,,closed,Missing,closed,,2019
,6A,1,1,,6A,,Other,Other,Missing,,2019
,6A,1,1,,6A,,Other,Other,Missing,,2019
,6A,1,1,,6A,,Other,Other,Missing,,2019
,6A,1,1,,6A,,Other,Other,Missing,,2019
,6A,1,1,,6A,,Other,Other,Missing,,2019
,6A,1,1,,6A,,Other,Other,Missing,,2019
,6A,1,1,,6A,,Other,Other,Missing,,2019
,6A,1,1,,6A,,Other,Other,Missing,,2019
,6A,1,,,,,Other,Missing,closed,,2019
,6A,1,1,,6A,,Other,Other,Missing,,2019
,6A,1,1,,6A,,Other,Other,Missing,,2019
,6A,1,1,,6A,,Other,Other,Missing,,2019
,6A,1,1,,6A,,Other,Other,Missing,,2019
,6A,1,1,,6A,,Other,Other,Missing,,2019
,9,1,1,,9,,Other,Other,Missing,,2019
,1,1,,,,,closed,Missing,Missing,,2019
,6A,1,1,,6A,,Other,Other,Missing,,2019
,1,1,,,,,closed,Missing,Missing,,2019
,6A,1,1,,6A,,Other,Other,Missing,,2019
,6A,1,1,,6A,,Other,Other,Missing,,2019
,6A,1,1,,6A,,Other,Other,Missing,,2019
,6A,1,1,,6A,,Other,Other,Missing,,2019
,6A,1,1,,6A,,Other,Other,Missing,,2019
,1,1,,,,,closed,Missing,closed,,2019
,6A,1,1,,6A,,Other,Other,Missing,,2019
,1,1,,,,,closed,Missing,closed,,2019
,6A,1,1,,6A,,Other,Other,Missing,,2019
,6A,1,,,,,Other,Missing,Missing,,2019
,6A,1,1,,6A,,Other,Other,Missing,,2019
,6A,1,1,,6A,,Other,Other,Missing,,2019
,6A,1,1,,6A,,Other,Other,Missing,,2019
,7,1,1,,7,,Other,Other,Missing,,2019
,6A,1,1,,6A,,Other,Other,Missing,,2019
,4L,1,,,,,Lande,Missing,Lande,,2019
,1,1,,,,,closed,Missing,closed,,2019
,6A,1,1,,6A,,Other,Other,Missing,,2019
,1,1,,,,,closed,Missing,closed,,2019
,6A,1,1,,6A,,Other,Other,Missing,,2019
,1,1,,,,,closed,Missing,closed,,2019
,7,1,1,,7,,Other,Other,Missing,,2019
,6A,1,1,,6A,,Other,Other,Missing,,2019
,6A,1,1,,6A,,Other,Other,Missing,,2019
,6A,1,1,,6A,,Other,Other,Missing,,2019
,6A,1,1,,6A,,Other,Other,Missing,,2019
,6A,1,1,,6A,,Other,Other,Missing,,2019
,1,1,,,,,closed,Missing,Missing,,2019
,6A,1,,,,,Other,Missing,Missing,,2019
,4L,1,,,,,Lande,Missing,Lande,,2019
,6A,1,,,,,Other,Missing,Missing,,2019
,1,1,,,,,closed,Missing,closed,,2019
,6A,1,1,,6A,,Other,Other,Missing,,2019
,7,1,1,,7,,Other,Other,Missing,,2019
,7,1,,,,,Other,Missing,Missing,,2019
,7,1,1,,7,,Other,Other,Missing,,2019
,6A,1,1,,6A,,Other,Other,Missing,,2019
,1,1,,,,,closed,Missing,closed,,2019
,6H,1,1,,6H,,Other,Other,Lande,,2019
,3,1,,,,,Opened,Missing,Opened,,2019
,1,1,4.8301887512207,,1,,closed,closed,closed,,2019
,6A,1,1,,6A,,Other,Other,Missing,,2019
,6A,1,1,,6A,,Other,Other,Missing,,2019
,6A,1,1,,6A,,Other,Other,Missing,,2019
,7,1,1,,7,,Other,Other,Missing,,2019
,7,1,1,,7,,Other,Other,Missing,,2019
,6A,1,1,,6A,,Other,Other,Missing,,2019
,6A,1,1,,6A,,Other,Other,Missing,,2019
,6A,1,1,,6A,,Other,Other,Missing,,2019
,6A,1,1,,6A,,Other,Other,Missing,,2019
,1,1,,,,,closed,Missing,Opened,,2019
,1,1,,,,,closed,Missing,Missing,,2019
,6A,1,1,,6A,,Other,Other,Missing,,2019
,1,1,4.8301887512207,1,1,221.9867,closed,closed,closed,,2019
,1,1,,,,,closed,Missing,closed,,2019
,6H,1,8,,6H,,Other,Other,Missing,,2019
,6A,1,1,,6A,,Other,Other,Missing,,2019
,6A,1,1,,6A,,Other,Other,Missing,,2019
,6A,1,1,,6A,,Other,Other,Missing,,2019
,4L,1,8,,4L,,Lande,Lande,Lande,,2019
,1,1,,,,,closed,Missing,closed,,2019
,6A,1,1,,6A,,Other,Other,Missing,,2019
,3,1,,,,,Opened,Missing,Lande,,2019
,6A,1,1,,6A,,Other,Other,Missing,,2019
,6A,1,1,,6A,,Other,Other,Missing,,2019
,6H,1,1,,6H,,Other,Other,Lande,,2019
,1,1,,,,,closed,Missing,closed,,2019
,1,1,2.41509437561035,1,1,245.2836,closed,closed,closed,,2019
,6A,1,1,,6A,,Other,Other,Missing,,2019
,6A,1,1,,6A,,Other,Other,Missing,,2019
,6A,1,1,,6A,,Other,Other,Missing,,2019
,6A,1,,,,,Other,Missing,Missing,,2019
,6A,1,1,,6A,,Other,Other,Missing,,2019
,6A,1,1,,6A,,Other,Other,Missing,,2019
,1,1,,,,,closed,Missing,closed,,2019
,1,1,,,,,closed,Missing,closed,,2019
,6A,1,1,,6A,,Other,Other,Missing,,2019
,1,1,,,,,closed,Missing,Missing,,2019
,6A,1,1,,6A,,Other,Other,Missing,,2019
,1,1,,,,,closed,Missing,closed,,2019
,1,1,,,,,closed,Missing,closed,,2019
,1,1,4.8301887512207,,9,,closed,Other,closed,,2019
,6A,1,1,,6A,,Other,Other,Missing,,2019
,6A,1,1,,6A,,Other,Other,Missing,,2019
,6A,1,1,,6A,,Other,Other,Missing,,2019
,6A,1,1,,6A,,Other,Other,Missing,,2019
,6A,1,1,,6A,,Other,Other,Missing,,2019
,6A,1,1,,6A,,Other,Other,Missing,,2019
,6A,1,1,,6A,,Other,Other,Missing,,2019
,6A,1,1,,6A,,Other,Other,Missing,,2019
,6A,1,1,,6A,,Other,Other,Missing,,2019
,6A,1,1,,6A,,Other,Other,Missing,,2019
,6A,1,1,,6A,,Other,Other,Missing,,2019
,1,1,4.8301887512207,1,3,1.460464,closed,Other,closed,,2019
,1,1,,,,,closed,Missing,closed,,2019
,1,1,4.8301887512207,1,1,95.52715,closed,closed,closed,,2019
,1,1,,,,,closed,Missing,closed,,2019
,1,1,,,,,closed,Missing,closed,,2019
,6A,1,1,,6A,,Other,Other,Missing,,2019
,1,1,,,,,closed,Missing,closed,,2019
,1,1,,,,,closed,Missing,closed,,2019
,1,1,,,,,closed,Missing,Missing,,2019
,6A,1,1,,6A,,Other,Other,Missing,,2019
,6A,1,1,,6A,,Other,Other,Missing,,2019
,3,1,,,,,Opened,Missing,Opened,,2019
,1,1,,,,,closed,Missing,Opened,,2019
,6A,1,1,,6A,,Other,Other,Missing,,2019
,6A,1,1,,6A,,Other,Other,Missing,,2019
,6A,1,1,,6A,,Other,Other,Missing,,2019
,6A,1,1,,6A,,Other,Other,Missing,,2019
,7,1,,,,,Other,Missing,Missing,,2019
,1,1,,,,,closed,Missing,closed,,2019
,6A,1,,,,,Other,Missing,Missing,,2019
,1,1,,,,,closed,Missing,closed,,2019
,1,1,,,,,closed,Missing,closed,,2019
,6A,1,1,,6A,,Other,Other,Missing,,2019
,1,1,,,,,closed,Missing,closed,,2019
,6A,1,1,,6A,,Other,Other,Missing,,2019
,1,1,,,,,closed,Missing,closed,,2019
,1,1,,,,,closed,Missing,closed,,2019
,6A,1,1,,6A,,Other,Other,Missing,,2019
,1,1,,,,,closed,Missing,closed,,2019
,6A,1,,,,,Other,Missing,Missing,,2019
,1,1,,,,,closed,Missing,closed,,2019
,1,1,,,,,closed,Missing,closed,,2019
,1,1,4.8301887512207,1,1,9.80891,closed,closed,closed,,2019
,6A,1,1,,6A,,Other,Other,Missing,,2019
,6A,1,1,,6A,,Other,Other,Lande,,2019
,1,1,,,,,closed,Missing,closed,,2019
,1,1,4.8301887512207,,6A,,closed,Other,closed,,2019
,3,1,,,,,Opened,Missing,Opened,,2019
,6H,1,1,,6H,,Other,Other,Lande,,2019
,6A,1,1,,6A,,Other,Other,Missing,,2019
,6A,1,1,,6A,,Other,Other,Missing,,2019
,1,1,,,,,closed,Missing,closed,,2019
,1,1,,,,,closed,Missing,closed,,2019
,1,1,,,,,closed,Missing,closed,,2019
,6A,1,1,,6A,,Other,Other,Missing,,2019
,6A,1,,,,,Other,Missing,Missing,,2019
,6A,1,1,,6A,,Other,Other,Missing,,2019
,1,1,,,,,closed,Missing,closed,,2019
,1,1,4.8301887512207,1,1,35.18939,closed,closed,closed,,2019
,1,1,,,,,closed,Missing,closed,,2019
,1,1,,,,,closed,Missing,closed,,2019
,4L,1,,,,,Lande,Missing,Lande,,2019
,6A,1,1,,6A,,Other,Other,Missing,,2019
,1,1,,,,,closed,Missing,closed,,2019
,6A,1,1,,6A,,Other,Other,Missing,,2019
,1,1,,,,,closed,Missing,closed,,2019
,1,1,4.8301887512207,1,1,92.29754,closed,closed,closed,,2019
,1,1,,,,,closed,Missing,closed,,2019
,1,1,,,,,closed,Missing,closed,,2019
,1,1,,,,,closed,Missing,closed,,2019
,6A,1,1,,6A,,Other,Other,Missing,,2019
,4L,1,,,,,Lande,Missing,Lande,,2019
,6A,1,1,,6A,,Other,Other,Missing,,2019
,4L,1,,,,,Lande,Missing,Lande,,2019
,1,1,1,,1,,closed,closed,Lande,,2019
,7,1,1,,7,,Other,Other,Missing,,2019
,6A,1,1,,6A,,Other,Other,Missing,,2019
,1,1,,,,,closed,Missing,Missing,,2019
,1,1,,,,,closed,Missing,closed,,2019
,6A,1,1,,6A,,Other,Other,Missing,,2019
,6A,1,1,,6A,,Other,Other,Missing,,2019
,6A,1,1,,6A,,Other,Other,Missing,,2019
,1,1,,,,,closed,Missing,Missing,,2019
,6A,1,1,,6A,,Other,Other,Missing,,2019
,6A,1,1,,6A,,Other,Other,Missing,,2019
,6A,1,1,,6A,,Other,Other,Missing,,2019
,1,1,,,,,closed,Missing,closed,,2019
,1,1,,,,,closed,Missing,closed,,2019
,1,1,,,,,closed,Missing,closed,,2019
,1,1,,,,,closed,Missing,Opened,,2019
,1,1,,,,,closed,Missing,closed,,2019
,1,1,,,,,closed,Missing,closed,,2019
,7,1,1,,7,,Other,Other,closed,,2019
,6H,1,1,,6H,,Other,Other,Lande,,2019
,1,1,4.8301887512207,1,1,,closed,closed,closed,,2019
,1,1,,,,,closed,Missing,closed,,2019
,1,1,4.8301887512207,1,1,52.01365,closed,closed,closed,,2019
,1,1,,,,,closed,Missing,closed,,2019
,1,1,1,,1,,closed,closed,closed,,2019
,6A,1,1,,6A,,Other,Other,Missing,,2019
,6A,1,1,,6A,,Other,Other,Missing,,2019
,6A,1,1,,6A,,Other,Other,Missing,,2019
,6A,1,1,,6A,,Other,Other,Missing,,2019
,1,1,,,,,closed,Missing,closed,,2019
,1,1,4.8301887512207,1,1,78.4333,closed,closed,closed,,2019
,1,1,,,,,closed,Missing,closed,,2019
,1,1,,,,,closed,Missing,closed,,2019
,6A,1,,,,,Other,Missing,Missing,,2019
,7,1,1,,7,,Other,Other,Missing,,2019
,6A,1,1,,6A,,Other,Other,Missing,,2019
,6A,1,1,,6A,,Other,Other,Missing,,2019
,1,1,,,,,closed,Missing,Missing,,2019
,1,1,4.8301887512207,,1,,closed,closed,closed,,2019
,6A,1,1,,6A,,Other,Other,Missing,,2019
,1,1,4.8301887512207,,6H,,closed,Other,Opened,,2019
,1,1,,,,,closed,Missing,closed,,2019
,1,1,4.8301887512207,1,1,298.9137,closed,closed,closed,,2019
,1,1,,,,,closed,Missing,closed,,2019
,3,1,4.8301887512207,1,3,13.42938,Opened,Opened,closed,,2019
,1,1,,,,,closed,Missing,closed,,2019
,1,1,,,,,closed,Missing,closed,,2019
,1,1,,,,,closed,Missing,closed,,2019
,6A,1,1,,6A,,Other,Other,Missing,,2019
,4L,1,,,,,Lande,Missing,Opened,,2019
,3,1,2.41509437561035,,4L,,Opened,Opened,Lande,,2019
,6A,1,1,,6A,,Other,Other,Missing,,2019
,1,1,2.41509437561035,1,1,58.39528,closed,closed,Missing,,2019
,7,1,1,,7,,Other,Other,Missing,,2019
,1,1,,,,,closed,Missing,closed,,2019
,4L,1,,,,,Lande,Missing,closed,,2019
,6A,1,1,,6A,,Other,Other,Missing,,2019
,1,1,,,,,closed,Missing,closed,,2019
,6A,1,,,,,Other,Missing,Missing,,2019
,3,1,,,,,Opened,Missing,closed,,2019
,3,1,,,,,Opened,Missing,Opened,,2019
,6A,1,1,,6A,,Other,Other,Missing,,2019
,4L,1,,,,,Lande,Missing,Lande,,2019
,6A,1,1,,6A,,Other,Other,Missing,,2019
,1,1,,,,,closed,Missing,closed,,2019
,1,1,,,,,closed,Missing,closed,,2019
,1,1,,,,,closed,Missing,closed,,2019
,1,1,,,,,closed,Missing,closed,,2019
,1,1,,,,,closed,Missing,closed,,2019
,1,1,,,,,closed,Missing,closed,,2019
,1,1,,,,,closed,Missing,closed,,2019
,1,1,4.8301887512207,1,1,27.80083,closed,closed,closed,,2019
,6A,1,1,,6A,,Other,Other,Missing,,2019
,6A,1,1,,6A,,Other,Other,Missing,,2019
,7,1,1,,7,,Other,Other,Missing,,2019
,6A,1,1,,6A,,Other,Other,Missing,,2019
,6A,1,1,,6A,,Other,Other,Missing,,2019
,7,1,1,,7,,Other,Other,Missing,,2019
,7,1,1,,7,,Other,Other,Missing,,2019
,6A,1,1,,6A,,Other,Other,Missing,,2019
,1,1,,,,,closed,Missing,Missing,,2019
,6A,1,1,,6A,,Other,Other,Missing,,2019
,1,1,,,,,closed,Missing,Missing,,2019
,6A,1,,,,,Other,Missing,Missing,,2019
,1,1,,,,,closed,Missing,closed,,2019
,1,1,,,,,closed,Missing,Opened,,2019
,1,1,,,,,closed,Missing,closed,,2019
,3,1,4.8301887512207,,6H,,Opened,Opened,Lande,,2019
,7,1,1,,7,,Other,Other,Missing,,2019
,6A,1,1,,6A,,Other,Other,Missing,,2019
,7,1,1,,7,,Other,Other,Missing,,2019
,1,1,4.8301887512207,,1,,closed,closed,closed,,2019
,1,1,,,,,closed,Missing,closed,,2019
,1,1,,,,,closed,Missing,closed,,2019
,1,1,,,,,closed,Missing,closed,,2019
,1,1,4.8301887512207,1,1,454.5643,closed,closed,closed,,2019
,4L,1,,,,,Lande,Missing,Lande,,2019
,1,1,,,,,closed,Missing,closed,,2019
,1,1,,,,,closed,Missing,closed,,2019
,1,1,,,,,closed,Missing,closed,,2019
,1,1,,,,,closed,Missing,closed,,2019
,6A,1,1,,6A,,Other,Other,Missing,,2019
,6A,1,1,,6A,,Other,Other,Missing,,2019
,1,1,2.41509437561035,,6A,,closed,Other,Lande,,2019
,7,1,1,,7,,Other,Other,Missing,,2019
,1,1,2.41509437561035,1,1,175.3218,closed,closed,closed,,2019
,6A,1,1,,6A,,Other,Other,Missing,,2019
,4L,1,,,,,Lande,Missing,Lande,,2019
,6A,1,,,,,Other,Missing,Missing,,2019
,1,1,,,,,closed,Missing,Missing,,2019
,6A,1,1,,6A,,Other,Other,Missing,,2019
,1,1,,,,,closed,Missing,closed,,2019
,1,1,,,,,closed,Missing,closed,,2019
,1,1,,,,,closed,Missing,closed,,2019
,1,1,,,,,closed,Missing,closed,,2019
,1,1,,,,,closed,Missing,closed,,2019
,3,1,,,,,Opened,Missing,Opened,,2019
,4L,1,,,,,Lande,Missing,Lande,,2019
,1,1,,,,,closed,Missing,closed,,2019
,1,1,,,,,closed,Missing,closed,,2019
,1,1,,,,,closed,Missing,closed,,2019
,1,1,,,,,closed,Missing,closed,,2019
,1,1,,,,,closed,Missing,closed,,2019
,1,1,,,,,closed,Missing,closed,,2019
,1,1,,,,,closed,Missing,closed,,2019
,1,1,4.8301887512207,1,1,103.0018,closed,closed,closed,,2019
,1,1,,,,,closed,Missing,closed,,2019
,6A,1,1,,6A,,Other,Other,Missing,,2019
,1,1,,,,,closed,Missing,closed,,2019
,1,1,,,,,closed,Missing,closed,,2019
,1,1,1,,1,,closed,closed,Missing,,2019
,6A,1,,,,,Other,Missing,Missing,,2019
,1,1,,,,,closed,Missing,closed,,2019
,1,1,4.8301887512207,1,1,135.98,closed,closed,closed,,2019
,4L,1,,,,,Lande,Missing,Lande,,2019
,1,1,4.8301887512207,1,1,10.70496,closed,closed,closed,,2019
,1,1,,,,,closed,Missing,closed,,2019
,1,1,4.8301887512207,1,1,1.85443,closed,closed,closed,,2019
,1,1,,,,,closed,Missing,closed,,2019
,6A,1,1,,6A,,Other,Other,Missing,,2019
,3,1,,,,,Opened,Missing,Opened,,2019
,1,1,4.8301887512207,1,3,30.73102,closed,Other,closed,,2019
,1,1,,,,,closed,Missing,closed,,2019
,1,1,4.8301887512207,1,1,12.53586,closed,closed,closed,,2019
,3,1,,,,,Opened,Missing,Lande,,2019
,1,1,4.8301887512207,1,1,253.8334,closed,closed,closed,,2019
,1,1,,,,,closed,Missing,closed,,2019
,1,1,4.8301887512207,1,1,210.0875,closed,closed,closed,,2019
,1,1,,,,,closed,Missing,closed,,2019
,1,1,4.8301887512207,1,1,143.646,closed,closed,closed,,2019
,1,1,,,,,closed,Missing,closed,,2019
,1,1,4.8301887512207,,1,,closed,closed,closed,,2019
,1,1,,,,,closed,Missing,closed,,2019
,7,1,1,,7,,Other,Other,closed,,2019
,6A,1,1,,6A,,Other,Other,Missing,,2019
,6H,1,1,,6H,,Other,Other,Lande,,2019
,6A,1,1,,6A,,Other,Other,Missing,,2019
,6A,1,,,,,Other,Missing,Missing,,2019
,6A,1,1,,6A,,Other,Other,Missing,,2019
,6A,1,,,,,Other,Missing,Missing,,2019
,1,1,,,,,closed,Missing,closed,,2019
,1,1,,,,,closed,Missing,closed,,2019
,1,1,,,,,closed,Missing,closed,,2019
,1,1,,,,,closed,Missing,closed,,2019
,1,1,,,,,closed,Missing,closed,,2019
,1,1,,,,,closed,Missing,closed,,2019
,6A,1,1,,6A,,Other,Other,Missing,,2019
,1,1,,,,,closed,Missing,closed,,2019
,1,1,,,,,closed,Missing,closed,,2019
,1,1,,,,,closed,Missing,closed,,2019
,1,1,,,,,closed,Missing,closed,,2019
,1,1,,,,,closed,Missing,closed,,2019
,1,1,,,,,closed,Missing,closed,,2019
,1,1,,,,,closed,Missing,closed,,2019
,1,1,,,,,closed,Missing,closed,,2019
,1,1,,,,,closed,Missing,closed,,2019
,1,1,,,,,closed,Missing,closed,,2019
,1,1,,,,,closed,Missing,closed,,2019
,6A,1,1,,6A,,Other,Other,Missing,,2019
,1,1,,,,,closed,Missing,closed,,2019
,6A,1,1,,6A,,Other,Other,Missing,,2019
,6A,1,,,,,Other,Missing,Missing,,2019
,6A,1,8,,6A,,Other,Other,Missing,,2019
,6A,1,,,,,Other,Missing,Missing,,2019
,3,1,4.8301887512207,1,3,14.89929,Opened,Opened,Lande,,2019
,6A,1,1,,6A,,Other,Other,Missing,,2019
,1,1,,,,,closed,Missing,Opened,,2019
,1,1,,,,,closed,Missing,closed,,2019
,6A,1,1,,6A,,Other,Other,Lande,,2019
,1,1,,,,,closed,Missing,closed,,2019
,1,1,4.8301887512207,,1,,closed,closed,closed,,2019
,1,1,,,,,closed,Missing,Opened,,2019
,1,1,4.8301887512207,1,1,40.96405,closed,closed,closed,,2019
,1,1,,,,,closed,Missing,closed,,2019
,1,1,,,,,closed,Missing,closed,,2019
,6H,1,1,,6H,,Other,Other,Lande,,2019
,3,1,,,,,Opened,Missing,Opened,,2019
,1,1,4.8301887512207,1,1,312.1447,closed,closed,closed,,2019
,1,1,,,,,closed,Missing,closed,,2019
,1,1,4.8301887512207,1,1,608.7481,closed,closed,closed,,2019
,6A,1,1,,6A,,Other,Other,Missing,,2019
,6A,1,1,,6A,,Other,Other,Missing,,2019
,6A,1,1,,6A,,Other,Other,Missing,,2019
,6A,1,1,,6A,,Other,Other,Missing,,2019
,6A,1,1,,6A,,Other,Other,Missing,,2019
,1,1,,,,,closed,Missing,Lande,,2019
,4L,1,,,,,Lande,Missing,Lande,,2019
,4L,1,,,,,Lande,Missing,Lande,,2019
,6A,1,1,,6A,,Other,Other,Missing,,2019
,1,1,,,,,closed,Missing,closed,,2019
,1,1,,,,,closed,Missing,closed,,2019
,6A,1,1,,6A,,Other,Other,Missing,,2019
,6A,1,1,,6A,,Other,Other,Missing,,2019
,1,1,,,,,closed,Missing,Opened,,2019
,1,1,,,,,closed,Missing,closed,,2019
,1,1,,,,,closed,Missing,closed,,2019
,1,1,,,,,closed,Missing,closed,,2019
,1,1,,,,,closed,Missing,closed,,2019
,1,1,,,,,closed,Missing,closed,,2019
,6A,1,1,,6A,,Other,Other,Missing,,2019
,7,1,1,,7,,Other,Other,Missing,,2019
,6A,1,1,,6A,,Other,Other,Missing,1,2019
,6A,1,1,,6A,,Other,Other,Missing,,2019
,6A,1,1,,6A,,Other,Other,Missing,,2019
,4L,1,4,,4L,,Lande,Lande,Opened,,2019
,3,1,,,,,Opened,Missing,Opened,,2019
,1,1,4.8301887512207,1,1,9.583253,closed,closed,closed,,2019
,1,1,,,,,closed,Missing,Opened,,2019
,1,1,4.8301887512207,1,1,147.9812,closed,closed,closed,,2019
,1,1,,,,,closed,Missing,closed,,2019
,6A,1,,,,,Other,Missing,Missing,,2019
,1,1,,,,,closed,Missing,closed,,2019
,1,1,4.8301887512207,1,1,204.6526,closed,closed,closed,,2019
,1,1,,,,,closed,Missing,closed,,2019
,1,1,4.8301887512207,1,1,90.29706,closed,closed,closed,,2019
,6A,1,1,,6A,,Other,Other,Missing,,2019
,6A,1,1,,6A,,Other,Other,Missing,,2019
,6A,1,1,,6A,,Other,Other,Missing,,2019
,6A,1,1,,6A,,Other,Other,Missing,,2019
,7,1,1,,7,,Other,Other,Missing,,2019
,8,1,1,,8,,Other,Other,Lande,1,2019
,1,1,,,,,closed,Missing,closed,1,2019
,6A,1,1,,6A,,Other,Other,Missing,1,2019
,1,1,2.41509437561035,1,1,19.84832,closed,closed,closed,,2019
,1,1,,,,,closed,Missing,closed,,2019
,1,1,,,,,closed,Missing,closed,,2019
,1,1,,,,,closed,Missing,closed,,2019
,1,1,,,,,closed,Missing,closed,,2019
,6A,1,1,,6A,,Other,Other,Missing,,2019
,4L,1,,,,,Lande,Missing,Lande,,2019
,1,1,,,,,closed,Missing,closed,,2019
,1,1,,,,,closed,Missing,closed,,2019
,3,1,,,,,Opened,Missing,Lande,,2019
,4L,1,4,,4L,,Lande,Lande,Lande,,2019
,4L,1,,,,,Lande,Missing,Missing,,2019
,6A,1,1,,6A,,Other,Other,Missing,,2019
,7,1,1,,7,,Other,Other,Missing,1,2019
,4L,1,8,,4L,,Lande,Lande,Lande,1,2019
,6A,1,1,,6A,,Other,Other,Missing,1,2019
1,7,1,1,,7,,Other,Other,Lande,1,2019
,7,1,1,,7,,Other,Other,Missing,1,2019
,1,1,4.8301887512207,1,1,40.7759,closed,closed,closed,1,2019
,1,1,,,,,closed,Missing,closed,1,2019
,1,1,4.8301887512207,1,1,113.955,closed,closed,closed,,2019
,7,1,1,,7,,Other,Other,closed,,2019
,1,1,,,,,closed,Missing,closed,,2019
,1,1,,,,,closed,Missing,closed,,2019
,1,1,4.8301887512207,1,1,232.5366,closed,closed,closed,,2019
,1,1,,,,,closed,Missing,closed,,2019
,6A,1,1,,6A,,Other,Other,Missing,,2019
,1,1,,,,,closed,Missing,closed,1,2019
,6A,1,1,,6A,,Other,Other,Missing,1,2019
,6A,1,1,,6A,,Other,Other,Missing,1,2019
,6A,1,1,,6A,,Other,Other,Missing,1,2019
1,1,1,,,,,closed,Missing,closed,1,2019
,4L,1,1,,4L,,Lande,Lande,Missing,1,2019
,1,1,,,,,closed,Missing,closed,1,2019
,1,1,,,,,closed,Missing,closed,1,2019
,1,1,,,,,closed,Missing,closed,1,2019
,4L,1,,,,,Lande,Missing,Lande,1,2019
,4L,1,,,,,Lande,Missing,Lande,,2019
,6A,1,1,,6A,,Other,Other,Missing,,2019
,1,1,,,,,closed,Missing,closed,,2019
,4L,1,,,,,Lande,Missing,Lande,,2019
,1,1,,,,,closed,Missing,closed,,2019
,6A,1,,,,,Other,Missing,Missing,,2019
,7,1,1,,7,,Other,Other,Missing,,2019
,7,1,1,,7,,Other,Other,Missing,,2019
,6A,1,1,,6A,,Other,Other,Missing,1,2019
,1,1,4.8301887512207,1,1,95.86624,closed,closed,closed,1,2019
,1,1,,,,,closed,Missing,closed,1,2019
,6A,1,1,,6A,,Other,Other,Missing,1,2019
1,1,1,,,,,closed,Missing,closed,1,2019
,6A,1,,,,,Other,Missing,Lande,1,2019
,1,1,,,,,closed,Missing,Opened,1,2019
,4L,1,8,,4L,,Lande,Lande,Lande,1,2019
,1,1,,,,,closed,Missing,closed,1,2019
,1,1,4.8301887512207,1,1,74.38396,closed,closed,closed,,2019
,1,1,,,,,closed,Missing,closed,,2019
,1,1,,,,,closed,Missing,closed,,2019
,4L,1,,,,,Lande,Missing,Opened,,2019
,7,1,1,,7,,Other,Other,closed,,2019
,6A,1,1,,6A,,Other,Other,Missing,,2019
,6A,1,1,,6A,,Other,Other,Missing,,2019
,6A,1,1,,6A,,Other,Other,Missing,,2019
,6A,1,1,,6A,,Other,Other,Missing,,2019
,6A,1,1,,6A,,Other,Other,Missing,1,2019
,6A,1,1,,6A,,Other,Other,Missing,1,2019
,1,1,,,,,closed,Missing,closed,1,2019
,6A,1,1,,6A,,Other,Other,Missing,1,2019
1,1,1,,,,,closed,Missing,closed,1,2019
1,1,1,2.41509437561035,1,1,37.04014,closed,closed,closed,1,2019
,1,1,,,,,closed,Missing,closed,1,2019
,3,1,,,,,Opened,Missing,Opened,1,2019
,1,1,,,,,closed,Missing,closed,1,2019
,3,1,,,,,Opened,Missing,Opened,1,2019
,1,1,,,,,closed,Missing,closed,,2019
,4L,1,,,,,Lande,Missing,Lande,,2019
,3,1,,,,,Opened,Missing,Lande,,2019
,1,1,,,,,closed,Missing,closed,,2019
,6A,1,1,,6A,,Other,Other,Missing,,2019
,6A,1,1,,6A,,Other,Other,Missing,,2019
,7,1,1,,7,,Other,Other,Missing,,2019
,6A,1,1,,6A,,Other,Other,Missing,1,2019
,6A,1,1,,6A,,Other,Other,Missing,1,2019
,6A,1,1,,6A,,Other,Other,Missing,1,2019
,6A,1,1,,6A,,Other,Other,Missing,1,2019
,4L,1,,,,,Lande,Missing,Lande,1,2019
1,1,1,4.8301887512207,1,1,26.72414,closed,closed,closed,1,2019
1,4L,1,,,,,Lande,Missing,Lande,1,2019
1,3,1,,,,,Opened,Missing,Opened,1,2019
,4L,1,,,,,Lande,Missing,Lande,1,2019
,1,1,4.8301887512207,1,1,35.03452,closed,closed,closed,1,2019
,1,1,,,,,closed,Missing,Opened,,2019
,3,1,4.8301887512207,,4L,,Opened,Opened,Lande,,2019
,4L,1,,,,,Lande,Missing,Lande,,2019
,3,1,4.8301887512207,1,1,26.95816,Opened,closed,Lande,,2019
,6A,1,1,,6A,,Other,Other,Missing,,2019
,1,1,,,,,closed,Missing,closed,,2019
,1,1,1,,1,,closed,closed,Missing,,2019
,6A,1,1,,6A,,Other,Other,Missing,,2019
,4L,1,,,,,Lande,Missing,Lande,,2019
,1,1,,,,,closed,Missing,closed,1,2019
,6A,1,1,,6A,,Other,Other,Missing,1,2019
,7,1,,,,,Other,Missing,Missing,1,2019
,4L,1,,,,,Lande,Missing,Lande,1,2019
,1,1,,,,,closed,Missing,closed,1,2019
1,4L,1,,,,,Lande,Missing,Lande,1,2019
1,1,1,,,,,closed,Missing,closed,1,2019
,1,1,,,,,closed,Missing,Opened,1,2019
,4L,1,,,,,Lande,Missing,Lande,1,2019
,1,1,,,,,closed,Missing,Opened,,2019
,4L,1,,,,,Lande,Missing,Opened,,2019
,6A,1,1,,6A,,Other,Other,Missing,,2019
,4L,1,,,,,Lande,Missing,Lande,,2019
,6A,1,1,,6A,,Other,Other,Missing,,2019
,6A,1,1,,6A,,Other,Other,Missing,,2019
,6A,1,1,,6A,,Other,Other,Missing,,2019
,6A,1,1,,6A,,Other,Other,Missing,,2019
,3,1,,,,,Opened,Missing,Opened,1,2019
,4L,1,8,,4L,,Lande,Lande,Lande,1,2019
,3,1,,,,,Opened,Missing,Opened,1,2019
,1,1,2.41509437561035,1,1,55.22408,closed,closed,closed,1,2019
,1,1,,,,,closed,Missing,closed,1,2019
,4L,1,8,,4L,,Lande,Lande,Lande,1,2019
1,6A,1,1,,6A,,Other,Other,Opened,1,2019
1,4L,1,4,,4L,,Lande,Lande,Lande,1,2019
,3,1,,,,,Opened,Missing,Opened,1,2019
,1,1,4.8301887512207,1,1,11.51697,closed,closed,closed,1,2019
,4L,1,,,,,Lande,Missing,Lande,,2019
,4L,1,,,,,Lande,Missing,Lande,,2019
,6A,1,1,,6A,,Other,Other,Missing,,2019
,7,1,1,,7,,Other,Other,Missing,,2019
,6A,1,1,,6A,,Other,Other,Missing,,2019
,6A,1,,,,,Other,Missing,Missing,1,2019
,4L,1,,,,,Lande,Missing,Lande,1,2019
,7,1,1,,7,,Other,Other,Missing,1,2019
1,3,1,,,,,Opened,Missing,closed,1,2019
,6A,1,1,,6A,,Other,Other,Missing,1,2019
,3,1,,,,,Opened,Missing,Lande,1,2019
,6A,1,1,,6A,,Other,Other,Missing,1,2019
1,1,1,,,,,closed,Missing,Lande,1,2019
1,3,1,,,,,Opened,Missing,Lande,1,2019
,6A,1,1,,6A,,Other,Other,Missing,1,2019
,4L,1,,,,,Lande,Missing,Lande,,2019
,1,1,,,,,closed,Missing,Lande,,2019
,6A,1,,,,,Other,Missing,closed,,2019
,6A,1,1,,6A,,Other,Other,Missing,,2019
,6A,1,1,,6A,,Other,Other,Missing,,2019
,6A,1,1,,6A,,Other,Other,Missing,1,2019
,7,1,1,,7,,Other,Other,Missing,1,2019
,6A,1,1,,6A,,Other,Other,Missing,1,2019
1,1,1,,,,,closed,Missing,Missing,1,2019
,6A,1,1,,6A,,Other,Other,Missing,1,2019
,3,1,,,,,Opened,Missing,closed,1,2019
,3,1,4.8301887512207,,4L,,Opened,Opened,Opened,1,2019
,3,1,,,,,Opened,Missing,Opened,1,2019
1,3,1,,,,,Opened,Missing,Lande,1,2019
,1,1,,,,,closed,Missing,closed,1,2019
,1,1,4.8301887512207,,4L,,closed,Other,closed,,2019
,6A,1,1,,6A,,Other,Other,Missing,,2019
,6A,1,,,,,Other,Missing,Missing,,2019
,7,1,1,,7,,Other,Other,Missing,,2019
,6A,1,1,,6A,,Other,Other,Missing,1,2019
,9,1,1,,9,,Other,Other,Missing,1,2019
,9,1,1,,9,,Other,Other,Missing,1,2019
,9,1,1,,9,,Other,Other,Missing,1,2019
,1,1,2.41509437561035,1,1,18.83934,closed,closed,closed,1,2019
1,6A,1,1,,6A,,Other,Other,Missing,1,2019
,6A,1,1,,6A,,Other,Other,Missing,1,2019
,3,1,,,,,Opened,Missing,Missing,1,2019
,4L,1,,,,,Lande,Missing,Lande,,2019
,6A,1,1,,6A,,Other,Other,Missing,,2019
,6A,1,1,,6A,,Other,Other,Missing,,2019
,6A,1,1,,6A,,Other,Other,Missing,,2019
,1,1,2.41509437561035,1,1,131.4544,closed,closed,closed,,2019
,1,1,,,,,closed,Missing,closed,,2019
,6A,1,1,,6A,,Other,Other,Lande,,2019
,4L,1,,,,,Lande,Missing,Lande,,2019
,9,1,1,,9,,Other,Other,Missing,1,2019
,9,1,1,,9,,Other,Other,Missing,1,2019
,1,1,4.8301887512207,1,1,4.316,closed,closed,closed,1,2019
,4L,1,,,,,Lande,Missing,Lande,1,2019
,7,1,1,,7,,Other,Other,Missing,1,2019
,6A,1,1,,6A,,Other,Other,Missing,,2019
,4L,1,4,,4L,,Lande,Lande,Lande,,2019
,4L,1,,,,,Lande,Missing,Lande,,2019
,4L,1,,,,,Lande,Missing,Lande,,2019
,4L,1,,,,,Lande,Missing,Lande,,2019
,1,1,,,,,closed,Missing,closed,,2019
,1,1,,,,,closed,Missing,closed,,2019
,9,1,1,,9,,Other,Other,Missing,,2019
,3,1,,,,,Opened,Missing,Opened,,2019
,9,1,1,,9,,Other,Other,Missing,,2019
,9,1,1,,9,,Other,Other,Missing,,2019
,4L,1,1,,4L,,Lande,Lande,Missing,,2019
,4L,1,,,,,Lande,Missing,Opened,1,2019
,9,1,1,,9,,Other,Other,Missing,1,2019
,4L,1,,,,,Lande,Missing,Missing,,2019
,6A,1,1,,6A,,Other,Other,Missing,,2019
,6A,1,1,,6A,,Other,Other,Missing,,2019
,4L,1,,,,,Lande,Missing,Lande,,2019
,4L,1,,,,,Lande,Missing,Lande,,2019
,4L,1,4,,4L,,Lande,Lande,Lande,,2019
,9,1,1,,9,,Other,Other,Missing,,2019
,6A,1,1,,6A,,Other,Other,Missing,,2019
,1,1,2.41509437561035,1,1,71.19478,closed,closed,closed,,2019
,9,1,1,,9,,Other,Other,Missing,,2019
,4L,1,,,,,Lande,Missing,Lande,,2019
,6A,1,1,,6A,,Other,Other,Missing,,2019
,6A,1,1,,6A,,Other,Other,Missing,,2019
,6A,1,1,,6A,,Other,Other,Missing,,2019
,1,1,2.41509437561035,1,1,79.72271,closed,closed,closed,,2019
,1,1,4.8301887512207,1,1,50.07661,closed,closed,closed,,2019
,6A,1,1,,6A,,Other,Other,Missing,,2019
,6A,1,1,,6A,,Other,Other,Missing,,2019
,6A,1,1,,6A,,Other,Other,Lande,,2019
,1,1,,,,,closed,Missing,closed,,2019
,4L,1,,,,,Lande,Missing,Lande,,2019
,1,1,4.8301887512207,,7,,closed,Other,closed,,2019
,1,1,,,,,closed,Missing,closed,,2019
,1,1,,,,,closed,Missing,closed,,2019
,6H,1,1,,6H,,Other,Other,Lande,,2020
,6A,1,1,,6A,,Other,Other,Missing,,2020
,9,1,1,,9,,Other,Other,Missing,,2020
,6A,1,1,,6A,,Other,Other,Missing,,2020
,6A,1,1,,6A,,Other,Other,Missing,,2020
,6A,1,1,,6A,,Other,Other,Missing,,2020
,1,1,,,,,closed,Missing,closed,,2020
,9,1,1,,9,,Other,Other,Missing,,2020
,6A,1,1,,6A,,Other,Other,Missing,,2020
,6A,1,1,,6A,,Other,Other,Missing,,2020
,6A,1,1,,6A,,Other,Other,Missing,,2020
,6A,1,1,,6A,,Other,Other,Missing,,2020
,6A,1,1,,6A,,Other,Other,Missing,,2020
,1,1,,,,,closed,Missing,closed,,2020
,7,1,1,,7,,Other,Other,Missing,,2020
,6A,1,1,,6A,,Other,Other,Missing,,2020
,1,1,2.32727265357971,1,1,,closed,closed,Missing,,2020
,6A,1,1,,6A,,Other,Other,Missing,,2020
,6A,1,1,,6A,,Other,Other,Missing,,2020
,6A,1,1,,6A,,Other,Other,Missing,,2020
,6A,1,1,,6A,,Other,Other,Missing,,2020
,6A,1,,,,,Other,Missing,Missing,,2020
,6A,1,1,,6A,,Other,Other,Missing,,2020
,6A,1,1,,6A,,Other,Other,Missing,,2020
,6A,1,1,,6A,,Other,Other,Missing,,2020
,3,1,,,,,Opened,Missing,Lande,,2020
,1,1,4.65454530715942,1,1,202.5416,closed,closed,closed,,2020
,6A,1,1,,6A,,Other,Other,Missing,,2020
,6A,1,,,,,Other,Missing,Missing,,2020
,6A,1,1,,6A,,Other,Other,Missing,,2020
,6A,1,1,,6A,,Other,Other,Missing,,2020
,6A,1,1,,6A,,Other,Other,Missing,,2020
,6A,1,1,,6A,,Other,Other,Missing,,2020
,6A,1,1,,6A,,Other,Other,Missing,,2020
,6A,1,1,,6A,,Other,Other,closed,,2020
,1,1,2.32727265357971,1,1,200.5001,closed,closed,closed,,2020
,3,1,,,,,Opened,Missing,Lande,,2020
,1,1,,,,,closed,Missing,closed,,2020
,6A,1,1,,6A,,Other,Other,Missing,,2020
,6A,1,1,,6A,,Other,Other,Missing,,2020
,7,1,1,,7,,Other,Other,Missing,,2020
,7,1,1,,7,,Other,Other,Missing,,2020
,6A,1,1,,6A,,Other,Other,Missing,,2020
,6A,1,1,,6A,,Other,Other,Missing,,2020
,7,1,1,,7,,Other,Other,Missing,,2020
,6A,1,1,,6A,,Other,Other,Missing,,2020
,4L,1,,,,,Lande,Missing,Lande,,2020
,6A,1,1,,6A,,Other,Other,Missing,,2020
,6A,1,1,,6A,,Other,Other,Missing,,2020
,6A,1,1,,6A,,Other,Other,Missing,,2020
,6A,1,1,,6A,,Other,Other,Missing,,2020
,1,1,,,,,closed,Missing,closed,,2020
,6A,1,1,,6A,,Other,Other,Lande,,2020
,6A,1,1,,6A,,Other,Other,Missing,,2020
,6A,1,1,,6A,,Other,Other,Missing,,2020
,6A,1,1,,6A,,Other,Other,Missing,,2020
,6A,1,1,,6A,,Other,Other,Missing,,2020
,6A,1,,,,,Other,Missing,Missing,,2020
,1,1,,,,,closed,Missing,closed,,2020
,6A,1,1,,6A,,Other,Other,Missing,,2020
,1,1,,,,,closed,Missing,closed,,2020
,6A,1,1,,6A,,Other,Other,Missing,,2020
,6A,1,1,,6A,,Other,Other,Missing,,2020
,6A,1,1,,6A,,Other,Other,Missing,,2020
,6A,1,1,,6A,,Other,Other,Missing,,2020
,7,1,1,,7,,Other,Other,Missing,,2020
,1,1,1,,1,,closed,closed,Missing,,2020
,6A,1,1,,6A,,Other,Other,Missing,,2020
,6A,1,1,,6A,,Other,Other,Missing,,2020
,6A,1,1,,6A,,Other,Other,Missing,,2020
,6A,1,1,,6A,,Other,Other,Missing,,2020
,3,1,4.65454530715942,,4L,,Opened,Opened,Lande,,2020
,1,1,,,,,closed,Missing,closed,,2020
,6A,1,,,,,Other,Missing,Missing,,2020
,6A,1,1,,6A,,Other,Other,Missing,,2020
,6A,1,1,,6A,,Other,Other,Missing,,2020
,6A,1,1,,6A,,Other,Other,Missing,,2020
,1,1,1,,1,,closed,closed,Missing,,2020
,6A,1,,,,,Other,Missing,Missing,,2020
,6A,1,1,,6A,,Other,Other,Missing,,2020
,6A,1,1,,6A,,Other,Other,Missing,,2020
,6A,1,1,,6A,,Other,Other,Missing,,2020
,1,1,,,,,closed,Missing,closed,,2020
,6A,1,1,,6A,,Other,Other,Missing,,2020
,6A,1,1,,6A,,Other,Other,Missing,,2020
,1,1,,,,,closed,Missing,closed,,2020
,1,1,,,,,closed,Missing,closed,,2020
,6A,1,1,,6A,,Other,Other,Missing,,2020
,1,1,2.32727265357971,1,1,68.48535,closed,closed,closed,,2020
,6A,1,1,,6A,,Other,Other,Missing,,2020
,6A,1,1,,6A,,Other,Other,Missing,,2020
,7,1,1,,7,,Other,Other,Missing,,2020
,6A,1,1,,6A,,Other,Other,Missing,,2020
,6A,1,1,,6A,,Other,Other,Missing,,2020
,6A,1,1,,6A,,Other,Other,Missing,,2020
,1,1,,,,,closed,Missing,closed,,2020
,6A,1,1,,6A,,Other,Other,Missing,,2020
,1,1,,,,,closed,Missing,closed,,2020
,6A,1,1,,6A,,Other,Other,Missing,,2020
,6A,1,1,,6A,,Other,Other,Missing,,2020
,6A,1,1,,6A,,Other,Other,Missing,,2020
,6A,1,1,,6A,,Other,Other,Missing,,2020
,6H,1,1,,6H,,Other,Other,Missing,,2020
,6A,1,1,,6A,,Other,Other,Missing,,2020
,7,1,1,,7,,Other,Other,Missing,,2020
,6A,1,1,,6A,,Other,Other,Missing,,2020
,6A,1,1,,6A,,Other,Other,Missing,,2020
,1,1,2.32727265357971,1,1,320.1345,closed,closed,closed,,2020
,1,1,,,,,closed,Missing,Missing,,2020
,7,1,,,,,Other,Missing,Missing,,2020
,1,1,,,,,closed,Missing,Missing,,2020
,6A,1,,,,,Other,Missing,Missing,,2020
,6A,1,1,,6A,,Other,Other,Missing,,2020
,6A,1,1,,6A,,Other,Other,Missing,,2020
,6A,1,1,,6A,,Other,Other,Missing,,2020
,1,1,,,,,closed,Missing,closed,,2020
,1,1,,,,,closed,Missing,closed,,2020
,1,1,,,,,closed,Missing,closed,,2020
,1,1,,,,,closed,Missing,closed,,2020
,6A,1,1,,6A,,Other,Other,Missing,,2020
,6A,1,,,,,Other,Missing,Missing,,2020
,1,1,,,,,closed,Missing,closed,,2020
,1,1,,,,,closed,Missing,closed,,2020
,1,1,,,,,closed,Missing,closed,,2020
,6A,1,1,,6A,,Other,Other,Lande,,2020
,1,1,4.65454530715942,1,1,147.6667,closed,closed,closed,,2020
,1,1,,,,,closed,Missing,closed,,2020
,6A,1,1,,6A,,Other,Other,Missing,,2020
,6A,1,1,,6A,,Other,Other,Missing,,2020
,6A,1,8,,6A,,Other,Other,Missing,,2020
,1,1,,,,,closed,Missing,closed,,2020
,6A,1,1,,6A,,Other,Other,Missing,,2020
,6A,1,1,,6A,,Other,Other,Missing,,2020
,6A,1,1,,6A,,Other,Other,Missing,,2020
,6A,1,1,,6A,,Other,Other,Missing,,2020
,6A,1,1,,6A,,Other,Other,Missing,,2020
,6A,1,1,,6A,,Other,Other,Missing,,2020
,6A,1,1,,6A,,Other,Other,Missing,,2020
,1,1,,,,,closed,Missing,closed,,2020
,1,1,4.65454530715942,1,1,53.14142,closed,closed,closed,,2020
,1,1,,,,,closed,Missing,closed,,2020
,1,1,4.65454530715942,,7,,closed,Other,closed,,2020
,1,1,,,,,closed,Missing,closed,,2020
,1,1,4.65454530715942,1,1,137.0038,closed,closed,closed,,2020
,1,1,,,,,closed,Missing,closed,,2020
,1,1,4.65454530715942,1,1,357.7904,closed,closed,closed,,2020
,6A,1,,,,,Other,Missing,Missing,,2020
,1,1,4.65454530715942,1,1,769.4713,closed,closed,closed,,2020
,6A,1,1,,6A,,Other,Other,Missing,,2020
,1,1,4.65454530715942,1,1,79.23536,closed,closed,closed,,2020
,1,1,,,,,closed,Missing,closed,,2020
,1,1,,,,,closed,Missing,Opened,,2020
,1,1,,,,,closed,Missing,closed,,2020
,1,1,,,,,closed,Missing,closed,,2020
,7,1,1,,7,,Other,Other,closed,,2020
,1,1,,,,,closed,Missing,closed,,2020
,6A,1,1,,6A,,Other,Other,Lande,,2020
,7,1,,,,,Other,Missing,Missing,,2020
,6A,1,1,,6A,,Other,Other,Missing,,2020
,6A,1,1,,6A,,Other,Other,Missing,,2020
,1,1,,,,,closed,Missing,Missing,,2020
,1,1,,,,,closed,Missing,closed,,2020
,1,1,,,,,closed,Missing,closed,,2020
,6A,1,1,,6A,,Other,Other,Missing,,2020
,1,1,,,,,closed,Missing,closed,,2020
,6A,1,1,,6A,,Other,Other,Missing,,2020
,6A,1,1,,6A,,Other,Other,Missing,,2020
,1,1,,,,,closed,Missing,closed,,2020
,6A,1,1,,6A,,Other,Other,Missing,,2020
,1,1,,,,,closed,Missing,closed,,2020
,6A,1,1,,6A,,Other,Other,Missing,,2020
,7,1,1,,7,,Other,Other,Missing,,2020
,1,1,,,,,closed,Missing,closed,,2020
,6A,1,1,,6A,,Other,Other,Missing,,2020
,7,1,1,,7,,Other,Other,Missing,,2020
,1,1,,,,,closed,Missing,closed,,2020
,1,1,,,,,closed,Missing,closed,,2020
,1,1,,,,,closed,Missing,closed,,2020
,1,1,,,,,closed,Missing,closed,,2020
,1,1,4.65454530715942,1,1,239.5819,closed,closed,closed,,2020
,1,1,,,,,closed,Missing,closed,,2020
,1,1,4.65454530715942,1,1,65.29794,closed,closed,closed,,2020
,6A,1,1,,6A,,Other,Other,Lande,,2020
,4L,1,,,,,Lande,Missing,Opened,,2020
,6A,1,1,,6A,,Other,Other,Missing,,2020
,7,1,1,,7,,Other,Other,Missing,,2020
,1,1,,,,,closed,Missing,closed,,2020
,6A,1,1,,6A,,Other,Other,Missing,,2020
,1,1,,,,,closed,Missing,closed,,2020
,6A,1,1,,6A,,Other,Other,Missing,,2020
,6A,1,1,,6A,,Other,Other,Missing,,2020
,6A,1,,,,,Other,Missing,closed,,2020
,6A,1,1,,6A,,Other,Other,Missing,,2020
,1,1,,,,,closed,Missing,closed,,2020
,4L,1,,,,,Lande,Missing,Missing,,2020
,1,1,4.65454530715942,1,1,169.99,closed,closed,closed,,2020
,1,1,,,,,closed,Missing,closed,,2020
,1,1,4.65454530715942,1,1,204.4768,closed,closed,closed,,2020
,1,1,,,,,closed,Missing,closed,,2020
,1,1,4.65454530715942,1,1,324.7139,closed,closed,closed,,2020
,1,1,,,,,closed,Missing,closed,,2020
,6A,1,1,,6A,,Other,Other,Missing,,2020
,1,1,,,,,closed,Missing,closed,,2020
,1,1,4.65454530715942,1,1,12.66791,closed,closed,closed,,2020
,1,1,,,,,closed,Missing,closed,,2020
,1,1,,,,,closed,Missing,closed,,2020
,6A,1,1,,6A,,Other,Other,Missing,,2020
,6A,1,1,,6A,,Other,Other,closed,,2020
,1,1,,,,,closed,Missing,closed,,2020
,4L,1,,,,,Lande,Missing,Opened,,2020
,6A,1,1,,6A,,Other,Other,Missing,,2020
,6A,1,1,,6A,,Other,Other,Missing,,2020
,6A,1,1,,6A,,Other,Other,Missing,,2020
,1,1,,,,,closed,Missing,closed,,2020
,1,1,,,,,closed,Missing,closed,,2020
,6A,1,1,,6A,,Other,Other,Missing,,2020
,6A,1,1,,6A,,Other,Other,Missing,,2020
,6A,1,1,,6A,,Other,Other,Missing,,2020
,4L,1,,,,,Lande,Missing,Lande,,2020
,6A,1,1,,6A,,Other,Other,Missing,,2020
,3,1,,,,,Opened,Missing,Lande,,2020
,7,1,,,,,Other,Missing,Missing,,2020
,1,1,,,,,closed,Missing,closed,,2020
,6A,1,1,,6A,,Other,Other,Missing,,2020
,1,1,,,,,closed,Missing,closed,,2020
,1,1,,,,,closed,Missing,closed,,2020
,1,1,,,,,closed,Missing,closed,,2020
,1,1,,,,,closed,Missing,closed,,2020
,1,1,,,,,closed,Missing,closed,,2020
,1,1,4.65454530715942,1,1,303.4114,closed,closed,closed,,2020
,1,1,,,,,closed,Missing,closed,,2020
,7,1,1,,7,,Other,Other,Missing,,2020
,1,1,,,,,closed,Missing,closed,,2020
,1,1,,,,,closed,Missing,closed,,2020
,6A,1,1,,6A,,Other,Other,Missing,,2020
,6A,1,,,,,Other,Missing,Missing,,2020
,6A,1,1,,6A,,Other,Other,Missing,,2020
,6A,1,1,,6A,,Other,Other,Missing,,2020
,7,1,1,,7,,Other,Other,Missing,,2020
,1,1,4.65454530715942,1,1,86.98002,closed,closed,closed,,2020
,1,1,,,,,closed,Missing,closed,,2020
,1,1,4.65454530715942,1,1,4.945888,closed,closed,Opened,,2020
,6A,1,1,,6A,,Other,Other,Missing,,2020
,1,1,4.65454530715942,1,1,31.4901,closed,closed,closed,,2020
,6A,1,1,,6A,,Other,Other,Missing,,2020
,1,1,4.65454530715942,1,1,157.3715,closed,closed,closed,,2020
,4L,1,,,,,Lande,Missing,Lande,,2020
,1,1,2.32727265357971,1,1,227.0038,closed,closed,closed,,2020
,1,1,,,,,closed,Missing,closed,,2020
,1,1,4.65454530715942,1,1,120.5483,closed,closed,closed,,2020
,1,1,,,,,closed,Missing,closed,,2020
,6H,1,1,,6H,,Other,Other,Opened,,2020
,1,1,,,,,closed,Missing,closed,,2020
,1,1,4.65454530715942,1,1,16.08817,closed,closed,closed,,2020
,4L,1,,,,,Lande,Missing,Lande,,2020
,6A,1,,,,,Other,Missing,Missing,,2020
,4L,1,,,,,Lande,Missing,Lande,,2020
,1,1,,,,,closed,Missing,closed,,2020
,1,1,,,,,closed,Missing,closed,,2020
,1,1,,,,,closed,Missing,Missing,,2020
,6A,1,1,,6A,,Other,Other,Missing,,2020
,1,1,2.32727265357971,,9,,closed,Other,closed,,2020
,7,1,1,,7,,Other,Other,Missing,,2020
,3,1,2.32727265357971,,4L,,Opened,Opened,Missing,,2020
,6A,1,1,,6A,,Other,Other,Missing,,2020
,6A,1,1,,6A,,Other,Other,Missing,,2020
,1,1,,,,,closed,Missing,closed,,2020
,1,1,,,,,closed,Missing,closed,,2020
,6A,1,1,,6A,,Other,Other,Missing,,2020
,3,1,,,,,Opened,Missing,Lande,,2020
,3,1,,,,,Opened,Missing,Lande,,2020
,1,1,,,,,closed,Missing,closed,,2020
,1,1,1,,1,,closed,closed,Missing,,2020
,1,1,2.32727265357971,1,1,24.94499,closed,closed,closed,,2020
,6A,1,1,,6A,,Other,Other,Missing,,2020
,1,1,,,,,closed,Missing,closed,,2020
,1,1,,,,,closed,Missing,Opened,,2020
,1,1,,,,,closed,Missing,closed,,2020
,6A,1,1,,6A,,Other,Other,Missing,,2020
,1,1,,,,,closed,Missing,closed,,2020
,3,1,,,,,Opened,Missing,closed,,2020
,1,1,4.65454530715942,1,1,234.8372,closed,closed,closed,,2020
,4L,1,,,,,Lande,Missing,Opened,,2020
,1,1,4.65454530715942,1,1,57.17808,closed,closed,closed,,2020
,1,1,,,,,closed,Missing,closed,,2020
,6A,1,1,,6A,,Other,Other,Missing,,2020
,6A,1,1,,6A,,Other,Other,Missing,,2020
,6A,1,1,,6A,,Other,Other,Missing,,2020
,6A,1,1,,6A,,Other,Other,Missing,,2020
,6A,1,1,,6A,,Other,Other,Missing,,2020
,6A,1,1,,6A,,Other,Other,Missing,,2020
,1,1,4.65454530715942,,1,,closed,closed,closed,,2020
,1,1,,,,,closed,Missing,closed,,2020
,6A,1,8,,6A,,Other,Other,Missing,,2020
,6A,1,1,,6A,,Other,Other,closed,,2020
,6A,1,1,,6A,,Other,Other,Missing,,2020
,1,1,,,,,closed,Missing,closed,,2020
,1,1,4.65454530715942,1,1,228.0861,closed,closed,closed,,2020
,1,1,,,,,closed,Missing,closed,,2020
,1,1,4.65454530715942,1,1,,closed,closed,Opened,,2020
,6A,1,1,,6A,,Other,Other,Missing,,2020
,1,1,,,,,closed,Missing,closed,,2020
,1,1,,,,,closed,Missing,Lande,,2020
,1,1,1,,1,,closed,closed,closed,,2020
,1,1,,,,,closed,Missing,closed,,2020
,1,1,4.65454530715942,,1,,closed,closed,closed,,2020
,1,1,,,,,closed,Missing,closed,,2020
,1,1,4.65454530715942,1,1,395.5628,closed,closed,closed,,2020
,1,1,,,,,closed,Missing,closed,,2020
,1,1,,,,,closed,Missing,closed,,2020
,1,1,,,,,closed,Missing,closed,,2020
,4L,1,,,,,Lande,Missing,Lande,,2020
,4L,1,,,,,Lande,Missing,Lande,,2020
,7,1,1,,7,,Other,Other,Missing,,2020
,3,1,,,,,Opened,Missing,Missing,,2020
,1,1,2.32727265357971,,1,,closed,closed,Opened,,2020
,4L,1,,,,,Lande,Missing,Missing,,2020
,6A,1,1,,6A,,Other,Other,Missing,,2020
,1,1,,,,,closed,Missing,Opened,,2020
,1,1,2.32727265357971,1,1,119.901,closed,closed,closed,,2020
,1,1,,,,,closed,Missing,closed,,2020
,1,1,,,,,closed,Missing,closed,,2020
,1,1,,,,,closed,Missing,closed,,2020
,1,1,,,,,closed,Missing,Missing,,2020
,6A,1,,,,,Other,Missing,Missing,,2020
,4L,1,,,,,Lande,Missing,Lande,,2020
,1,1,,,,,closed,Missing,closed,,2020
,1,1,,,,,closed,Missing,closed,,2020
,1,1,,,,,closed,Missing,closed,,2020
,1,1,,,,,closed,Missing,closed,,2020
,1,1,,,,,closed,Missing,closed,,2020
,1,1,,,,,closed,Missing,closed,,2020
,1,1,,,,,closed,Missing,Lande,,2020
,1,1,,,,,closed,Missing,closed,,2020
,1,1,,,,,closed,Missing,closed,,2020
,1,1,,,,,closed,Missing,closed,,2020
,6H,1,1,,6H,,Other,Other,Lande,,2020
,1,1,4.65454530715942,1,1,65.11319,closed,closed,closed,,2020
,6A,1,1,,6A,,Other,Other,Missing,,2020
,1,1,2.32727265357971,1,1,246.934,closed,closed,closed,,2020
,1,1,1,,1,,closed,closed,Missing,,2020
,6A,1,8,,6A,,Other,Other,Missing,,2020
,6A,1,1,,6A,,Other,Other,Missing,,2020
,6A,1,,,,,Other,Missing,Missing,,2020
,1,1,,,,,closed,Missing,Missing,,2020
,1,1,4.65454530715942,1,1,4.884869,closed,closed,closed,,2020
,1,1,,,,,closed,Missing,closed,,2020
,1,1,4.65454530715942,1,1,42.85202,closed,closed,closed,,2020
,6A,1,1,,6A,,Other,Other,closed,,2020
,1,1,4.65454530715942,1,1,529.948,closed,closed,closed,,2020
,1,1,,,,,closed,Missing,closed,,2020
,1,1,4.65454530715942,1,1,133.3837,closed,closed,closed,,2020
,6A,1,1,,6A,,Other,Other,Missing,,2020
,1,1,4.65454530715942,1,1,288.0344,closed,closed,closed,,2020
,1,1,,,,,closed,Missing,closed,,2020
,1,1,4.65454530715942,1,3,45.94729,closed,Other,Lande,,2020
,1,1,,,,,closed,Missing,closed,,2020
,1,1,4.65454530715942,,7,,closed,Other,closed,,2020
,1,1,,,,,closed,Missing,closed,,2020
,1,1,4.65454530715942,1,1,49.34266,closed,closed,Opened,,2020
,6H,1,1,,6H,,Other,Other,Lande,,2020
,1,1,4.65454530715942,1,1,455.084,closed,closed,closed,,2020
,6A,1,1,,6A,,Other,Other,Missing,,2020
,6A,1,1,,6A,,Other,Other,Missing,,2020
,1,1,2.32727265357971,,1,,closed,closed,Missing,,2020
,6A,1,1,,6A,,Other,Other,Missing,,2020
,6A,1,1,,6A,,Other,Other,Missing,,2020
,7,1,,,,,Other,Missing,Missing,,2020
,3,1,,,,,Opened,Missing,closed,,2020
,1,1,,,,,closed,Missing,closed,,2020
,1,1,,,,,closed,Missing,closed,,2020
,1,1,,,,,closed,Missing,closed,,2020
,1,1,,,,,closed,Missing,closed,,2020
,6A,1,1,,6A,,Other,Other,Missing,,2020
,6A,1,1,,6A,,Other,Other,Missing,,2020
,1,1,,,,,closed,Missing,closed,,2020
,1,1,,,,,closed,Missing,closed,,2020
,1,1,,,,,closed,Missing,closed,,2020
,1,1,,,,,closed,Missing,Lande,,2020
,1,1,,,,,closed,Missing,closed,,2020
,1,1,,,,,closed,Missing,closed,,2020
,1,1,,,,,closed,Missing,closed,,2020
,1,1,,,,,closed,Missing,closed,,2020
,6A,1,1,,6A,,Other,Other,Missing,,2020
,6A,1,1,,6A,,Other,Other,Missing,,2020
,6A,1,1,,6A,,Other,Other,Missing,,2020
,6A,1,1,,6A,,Other,Other,Missing,,2020
,6A,1,8,,6A,,Other,Other,Missing,,2020
,4L,1,,,,,Lande,Missing,Lande,,2020
,1,1,4.65454530715942,1,1,20.39173,closed,closed,closed,,2020
,6A,1,1,,6A,,Other,Other,Missing,,2020
,1,1,4.65454530715942,1,1,154.6956,closed,closed,closed,,2020
,6H,1,1,,6H,,Other,Other,Lande,,2020
,1,1,4.65454530715942,1,1,141.7934,closed,closed,closed,,2020
,1,1,,,,,closed,Missing,Missing,,2020
,1,1,,,,,closed,Missing,closed,,2020
,1,1,,,,,closed,Missing,Opened,,2020
,6H,1,1,,6H,,Other,Other,Opened,,2020
,1,1,,,,,closed,Missing,closed,,2020
,1,1,4.65454530715942,1,1,118.2268,closed,closed,closed,,2020
,1,1,,,,,closed,Missing,closed,,2020
,4L,1,,,,,Lande,Missing,Lande,,2020
,6A,1,1,,6A,,Other,Other,Missing,,2020
,6A,1,1,,6A,,Other,Other,Missing,,2020
,6A,1,1,,6A,,Other,Other,Missing,1,2020
,1,1,,,,,closed,Missing,closed,1,2020
,4L,1,,,,,Lande,Missing,Lande,,2020
,3,1,,,,,Opened,Missing,Lande,,2020
,1,1,,,,,closed,Missing,Opened,,2020
,1,1,,,,,closed,Missing,Opened,,2020
,1,1,,,,,closed,Missing,closed,,2020
,1,1,,,,,closed,Missing,closed,,2020
,6A,1,1,,6A,,Other,Other,Opened,,2020
,3,1,,,,,Opened,Missing,Missing,,2020
,1,1,,,,,closed,Missing,closed,,2020
,1,1,,,,,closed,Missing,closed,,2020
,1,1,,,,,closed,Missing,closed,,2020
,1,1,,,,,closed,Missing,closed,,2020
,6A,1,1,,6A,,Other,Other,Missing,,2020
,6A,1,1,,6A,,Other,Other,Missing,,2020
,6A,1,1,,6A,,Other,Other,Missing,,2020
,6A,1,1,,6A,,Other,Other,Missing,,2020
,6A,1,1,,6A,,Other,Other,Missing,1,2020
,1,1,4.65454530715942,,4L,,closed,Other,closed,1,2020
,3,1,,,,,Opened,Missing,Lande,1,2020
,1,1,,,,,closed,Missing,closed,1,2020
,1,1,,,,,closed,Missing,closed,,2020
,1,1,4.65454530715942,,4L,,closed,Other,closed,,2020
,3,1,,,,,Opened,Missing,closed,,2020
,1,1,4.65454530715942,1,1,46.38989,closed,closed,closed,,2020
,6A,1,1,,6A,,Other,Other,Missing,,2020
,1,1,4.65454530715942,1,1,136.0694,closed,closed,closed,,2020
,1,1,,,,,closed,Missing,closed,,2020
,1,1,4.65454530715942,1,1,168.6148,closed,closed,closed,,2020
,1,1,,,,,closed,Missing,closed,,2020
,6A,1,1,,6A,,Other,Other,Missing,,2020
,6A,1,1,,6A,,Other,Other,Missing,,2020
,6A,1,1,,6A,,Other,Other,Missing,,2020
,1,1,,,,,closed,Missing,Opened,1,2020
,3,1,,,,,Opened,Missing,Lande,1,2020
,1,1,2.32727265357971,1,1,140.4247,closed,closed,closed,1,2020
1,1,1,,,,,closed,Missing,Opened,1,2020
,1,1,,,,,closed,Missing,closed,1,2020
,1,1,,,,,closed,Missing,closed,1,2020
,1,1,,,,,closed,Missing,closed,1,2020
,1,1,,,,,closed,Missing,closed,1,2020
,1,1,,,,,closed,Missing,closed,,2020
,1,1,,,,,closed,Missing,closed,,2020
,4L,1,,,,,Lande,Missing,Lande,,2020
,4L,1,,,,,Lande,Missing,Lande,,2020
,1,1,,,,,closed,Missing,Opened,,2020
,6A,1,1,,6A,,Other,Other,Missing,,2020
,6A,1,1,,6A,,Other,Other,Missing,,2020
,6A,1,1,,6A,,Other,Other,Missing,1,2020
,6A,1,1,,6A,,Other,Other,Missing,1,2020
,6A,1,1,,6A,,Other,Other,Missing,1,2020
,1,1,,,,,closed,Missing,closed,1,2020
1,4L,1,4,1,3,,Lande,Lande,Missing,1,2020
,3,1,,,,,Opened,Missing,Lande,1,2020
,3,1,,,,,Opened,Missing,Lande,1,2020
,1,1,,,,,closed,Missing,closed,1,2020
,3,1,4.65454530715942,1,3,0.7379862,Opened,Opened,Opened,1,2020
,1,1,,,,,closed,Missing,closed,,2020
,1,1,,,,,closed,Missing,closed,,2020
,1,1,,,,,closed,Missing,closed,,2020
,6A,1,1,,6A,,Other,Other,Missing,,2020
,3,1,,,,,Opened,Missing,closed,,2020
,6A,1,1,,6A,,Other,Other,Missing,,2020
,1,1,,,,,closed,Missing,closed,,2020
,1,1,,,,,closed,Missing,closed,,2020
,6A,1,1,,6A,,Other,Other,Missing,,2020
,9,1,1,,9,,Other,Other,Missing,1,2020
,6A,1,1,,6A,,Other,Other,Missing,1,2020
,6A,1,1,,6A,,Other,Other,Missing,1,2020
1,6A,1,1,,6A,,Other,Other,Missing,1,2020
1,6A,1,1,,6A,,Other,Other,Missing,1,2020
,6A,1,1,,6A,,Other,Other,Missing,1,2020
,3,1,,,,,Opened,Missing,Lande,1,2020
,1,1,,,,,closed,Missing,Opened,1,2020
,1,1,,,,,closed,Missing,closed,1,2020
,1,1,2.32727265357971,1,1,48.99749,closed,closed,closed,,2020
,1,1,,,,,closed,Missing,closed,,2020
,3,1,,,,,Opened,Missing,Opened,,2020
,4L,1,,,,,Lande,Missing,Lande,,2020
,3,1,,,,,Opened,Missing,Opened,,2020
,6A,1,1,,6A,,Other,Other,Missing,,2020
,4L,1,4,,4L,,Lande,Lande,Lande,,2020
,7,1,,,,,Other,Missing,Missing,,2020
,9,1,,,,,Other,Missing,Missing,,2020
,6A,1,1,,6A,,Other,Other,Missing,1,2020
,6A,1,1,,6A,,Other,Other,Missing,1,2020
,4L,1,,,,,Lande,Missing,Lande,1,2020
,1,1,2.32727265357971,1,1,48.14536,closed,closed,closed,1,2020
,1,1,,,,,closed,Missing,closed,1,2020
1,4L,1,4,,4L,,Lande,Lande,Lande,1,2020
1,3,1,,,,,Opened,Missing,Lande,1,2020
,1,1,4.65454530715942,1,1,35.33062,closed,closed,closed,1,2020
,1,1,,,,,closed,Missing,closed,1,2020
,1,1,4.65454530715942,1,1,59.05179,closed,closed,closed,1,2020
,1,1,,,,,closed,Missing,closed,,2020
,1,1,4.65454530715942,1,1,99.48319,closed,closed,closed,,2020
,4L,1,,,,,Lande,Missing,Lande,,2020
,1,1,4.65454530715942,1,1,29.3078,closed,closed,closed,,2020
,3,1,2.32727265357971,,4L,,Opened,Opened,Lande,,2020
,6A,1,1,,6A,,Other,Other,Missing,,2020
,6A,1,1,,6A,,Other,Other,Missing,,2020
,4L,1,,,,,Lande,Missing,Missing,,2020
,7,1,,,,,Other,Missing,Missing,1,2020
,6A,1,1,,6A,,Other,Other,Missing,1,2020
,6A,1,1,,6A,,Other,Other,Missing,1,2020
,7,1,,,,,Other,Missing,Missing,1,2020
,6A,1,1,,6A,,Other,Other,Missing,1,2020
1,1,1,,,,,closed,Missing,Lande,1,2020
1,3,1,2.32727265357971,,4L,,Opened,Opened,Lande,1,2020
,4L,1,,,,,Lande,Missing,Missing,1,2020
,1,1,,,,,closed,Missing,closed,1,2020
,1,1,,,,,closed,Missing,Opened,,2020
,1,1,,,,,closed,Missing,Opened,,2020
,6A,1,1,,6A,,Other,Other,Missing,,2020
,3,1,2.32727265357971,,4L,,Opened,Opened,Lande,,2020
,3,1,,,,,Opened,Missing,Opened,,2020
,6A,1,1,,6A,,Other,Other,Missing,,2020
,6A,1,1,,6A,,Other,Other,Missing,,2020
,6A,1,1,,6A,,Other,Other,Missing,,2020
,4L,1,8,1,3,,Lande,Lande,Lande,,2020
,4L,1,,,,,Lande,Missing,Lande,1,2020
,1,1,2.32727265357971,1,1,82.29695,closed,closed,closed,1,2020
,1,1,,,,,closed,Missing,closed,1,2020
,6A,1,1,,6A,,Other,Other,Missing,1,2020
,4L,1,,,,,Lande,Missing,Opened,1,2020
,4L,1,,,,,Lande,Missing,Lande,1,2020
1,6A,1,,,,,Other,Missing,Missing,1,2020
,1,1,4.65454530715942,,1,,closed,closed,Opened,1,2020
,6A,1,1,,6A,,Other,Other,Missing,1,2020
,1,1,4.65454530715942,,4L,,closed,Other,Opened,,2020
,1,1,,,,,closed,Missing,Opened,,2020
,6A,1,8,,6A,,Other,Other,Missing,,2020
,4L,1,,,,,Lande,Missing,Missing,,2020
,6A,1,1,,6A,,Other,Other,Missing,,2020
,6A,1,1,,6A,,Other,Other,Missing,,2020
,6A,1,1,,6A,,Other,Other,Missing,,2020
,1,1,2.32727265357971,1,1,51.01626,closed,closed,closed,,2020
,7,1,1,,7,,Other,Other,Missing,1,2020
,7,1,1,,7,,Other,Other,Missing,1,2020
1,3,1,,,,,Opened,Missing,Opened,1,2020
,1,1,,,,,closed,Missing,closed,1,2020
,1,1,,,,,closed,Missing,closed,1,2020
,4L,1,,,,,Lande,Missing,Lande,1,2020
,4L,1,,,,,Lande,Missing,Lande,1,2020
1,1,1,,,,,closed,Missing,closed,1,2020
,3,1,,,,,Opened,Missing,Opened,1,2020
,3,1,,,,,Opened,Missing,closed,1,2020
,4L,1,,,,,Lande,Missing,Lande,,2020
,1,1,,,,,closed,Missing,Lande,,2020
,6A,1,1,,6A,,Other,Other,Missing,,2020
,1,1,,,,,closed,Missing,Missing,,2020
,7,1,1,,7,,Other,Other,Missing,,2020
,1,1,2.32727265357971,1,1,,closed,closed,closed,1,2020
,4L,1,,,,,Lande,Missing,Lande,1,2020
1,4L,1,8,,4L,,Lande,Lande,Lande,1,2020
,3,1,,,,,Opened,Missing,Missing,1,2020
,6A,1,,,,,Other,Missing,Missing,1,2020
,1,1,,,,,closed,Missing,Opened,1,2020
,1,1,4.65454530715942,,4L,,closed,Other,Lande,1,2020
,3,1,,,,,Opened,Missing,Opened,1,2020
,4L,1,,,,,Lande,Missing,Lande,1,2020
,4L,1,,,,,Lande,Missing,Lande,,2020
,1,1,4.65454530715942,1,3,4.618357,closed,Other,closed,,2020
,6A,1,1,,6A,,Other,Other,Missing,,2020
,6A,1,1,,6A,,Other,Other,Missing,,2020
,6A,1,1,,6A,,Other,Other,Missing,1,2020
,7,1,1,,7,,Other,Other,Missing,1,2020
,1,1,,,,,closed,Missing,Opened,1,2020
1,1,1,,,,,closed,Missing,closed,1,2020
,4L,1,,,,,Lande,Missing,Lande,1,2020
,3,1,,,,,Opened,Missing,Opened,1,2020
,6A,1,1,,6A,,Other,Other,Missing,1,2020
,4L,1,,,,,Lande,Missing,closed,1,2020
,4L,1,,,,,Lande,Missing,Lande,1,2020
,1,1,,,,,closed,Missing,Opened,1,2020
,6A,1,1,,6A,,Other,Other,Missing,,2020
,6A,1,1,,6A,,Other,Other,Missing,,2020
,6A,1,1,,6A,,Other,Other,Missing,,2020
,6A,1,1,,6A,,Other,Other,Missing,,2020
,6A,1,1,,6A,,Other,Other,Missing,,2020
,6A,1,1,,6A,,Other,Other,Missing,1,2020
,6H,1,1,,6H,,Other,Other,Lande,1,2020
,9,1,1,,9,,Other,Other,Missing,1,2020
,9,1,1,,9,,Other,Other,Missing,1,2020
,6A,1,,,,,Other,Missing,Missing,1,2020
,1,1,4.65454530715942,1,1,118.9046,closed,closed,closed,1,2020
,4L,1,,,,,Lande,Missing,Lande,1,2020
,4L,1,8,,4L,,Lande,Lande,Lande,1,2020
,3,1,,,,,Opened,Missing,closed,,2020
,4L,1,,,,,Lande,Missing,Lande,,2020
,1,1,2.32727265357971,1,1,2.562455,closed,closed,closed,,2020
,1,1,,,,,closed,Missing,closed,,2020
,6A,1,,,,,Other,Missing,Missing,,2020
,4L,1,,,,,Lande,Missing,Lande,,2020
,3,1,2.32727265357971,1,1,54.01585,Opened,closed,closed,,2020
,9,1,1,,9,,Other,Other,Missing,,2020
,9,1,1,,9,,Other,Other,Missing,,2020
,9,1,1,,9,,Other,Other,Missing,1,2020
,1,1,2.32727265357971,1,1,5.976858,closed,closed,closed,1,2020
,4L,1,,,,,Lande,Missing,Lande,1,2020
,6A,1,1,,6A,,Other,Other,Missing,1,2020
,6A,1,1,,6A,,Other,Other,Missing,,2020
,6A,1,,,,,Other,Missing,Missing,,2020
,6A,1,1,,6A,,Other,Other,Missing,,2020
,6A,1,1,,6A,,Other,Other,Missing,,2020
,3,1,,,,,Opened,Missing,Lande,,2020
,3,1,,,,,Opened,Missing,Lande,,2020
,1,1,2.32727265357971,1,1,133.1812,closed,closed,closed,,2020
,6A,1,,,,,Other,Missing,Missing,,2020
,1,1,,,,,closed,Missing,Missing,,2020
,9,1,1,,9,,Other,Other,Missing,,2020
,8,1,1,,8,,Other,Other,Missing,,2020
,7,1,1,,7,,Other,Other,Missing,,2020
,1,1,4.65454530715942,,6A,,closed,Other,Opened,,2020
,9,1,1,,9,,Other,Other,Missing,1,2020
,4L,1,,,,,Lande,Missing,Missing,,2020
,4L,1,,,,,Lande,Missing,Lande,,2020
,3,1,,,,,Opened,Missing,Lande,,2020
,1,1,,,,,closed,Missing,closed,,2020
,4L,1,,,,,Lande,Missing,Lande,,2020
,4L,1,,,,,Lande,Missing,Lande,,2020
,4L,1,,,,,Lande,Missing,Lande,,2020
,1,1,,,,,closed,Missing,closed,,2020
,4L,1,,,,,Lande,Missing,Lande,,2020
,9,1,1,,9,,Other,Other,Missing,,2020
,4L,1,,,,,Lande,Missing,Missing,,2020
,6A,1,1,,6A,,Other,Other,Missing,,2020
,4L,1,8,,4L,,Lande,Lande,closed,,2020
,4L,1,,,,,Lande,Missing,Opened,,2020
,6A,1,,,,,Other,Missing,Lande,,2020
,6A,1,1,,6A,,Other,Other,Missing,,2021
,6A,1,1,,6A,,Other,Other,Missing,,2021
,6A,1,1,,6A,,Other,Other,Missing,,2021
,6A,1,1,,6A,,Other,Other,Missing,,2021
,1,1,2.41509437561035,1,1,31.06027,closed,closed,closed,,2021
,6A,1,1,,6A,,Other,Other,Missing,,2021
,6A,1,1,,6A,,Other,Other,Missing,,2021
,6A,1,1,,6A,,Other,Other,Missing,,2021
,1,1,2.41509437561035,1,1,107.5703,closed,closed,closed,,2021
,6A,1,1,,6A,,Other,Other,Missing,,2021
,6A,1,1,,6A,,Other,Other,Missing,,2021
,6A,1,1,,6A,,Other,Other,Missing,,2021
,7,1,1,,7,,Other,Other,Missing,,2021
,6A,1,1,,6A,,Other,Other,Missing,,2021
,6A,1,1,,6A,,Other,Other,Missing,,2021
,6A,1,,,,,Other,Missing,Missing,,2021
,6A,1,,,,,Other,Missing,Missing,,2021
,6A,1,1,,6A,,Other,Other,Missing,,2021
,6A,1,1,,6A,,Other,Other,Missing,,2021
,6A,1,1,,6A,,Other,Other,Missing,,2021
,6A,1,1,,6A,,Other,Other,Missing,,2021
,6A,1,1,,6A,,Other,Other,Missing,,2021
,6A,1,1,,6A,,Other,Other,Missing,,2021
,1,1,,,,,closed,Missing,closed,,2021
,6A,1,,,,,Other,Missing,Missing,,2021
,6A,1,1,,6A,,Other,Other,Missing,,2021
,6A,1,1,,6A,,Other,Other,Missing,,2021
,6A,1,1,,6A,,Other,Other,Missing,,2021
,6H,1,,,,,Other,Missing,Missing,,2021
,1,1,2.41509437561035,,7,,closed,Other,closed,,2021
,6A,1,1,,6A,,Other,Other,Missing,,2021
,6A,1,1,,6A,,Other,Other,Missing,,2021
,1,1,1,,1,,closed,closed,Missing,,2021
,4L,1,,,,,Lande,Missing,Lande,,2021
,6A,1,1,,6A,,Other,Other,Missing,,2021
,6A,1,1,,6A,,Other,Other,Missing,,2021
,6A,1,1,,6A,,Other,Other,Missing,,2021
,6A,1,1,,6A,,Other,Other,Missing,,2021
,6A,1,1,,6A,,Other,Other,Missing,,2021
,1,1,,,,,closed,Missing,closed,,2021
,6A,1,1,,6A,,Other,Other,Missing,,2021
,7,1,1,,7,,Other,Other,Missing,,2021
,7,1,1,,7,,Other,Other,Missing,,2021
,1,1,,,,,closed,Missing,closed,,2021
,6A,1,1,,6A,,Other,Other,Missing,,2021
,6A,1,1,,6A,,Other,Other,Missing,,2021
,6A,1,1,,6A,,Other,Other,Missing,,2021
,6A,1,1,,6A,,Other,Other,Lande,,2021
,6A,1,1,,6A,,Other,Other,Missing,,2021
,1,1,2.41509437561035,,6A,,closed,Other,Missing,,2021
,7,1,1,,7,,Other,Other,Missing,,2021
,6A,1,1,,6A,,Other,Other,Missing,,2021
,6A,1,1,,6A,,Other,Other,Missing,,2021
,6A,1,1,,6A,,Other,Other,Lande,,2021
,6A,1,1,,6A,,Other,Other,Lande,,2021
,1,1,,,,,closed,Missing,closed,,2021
,1,1,,,,,closed,Missing,closed,,2021
,6A,1,1,,6A,,Other,Other,Lande,,2021
,6A,1,8,,6A,,Other,Other,Missing,,2021
,1,1,,,,,closed,Missing,closed,,2021
,6A,1,1,,6A,,Other,Other,Missing,,2021
,6A,1,1,,6A,,Other,Other,Missing,,2021
,6A,1,1,,6A,,Other,Other,Missing,,2021
,6A,1,1,,6A,,Other,Other,Missing,,2021
,6A,1,1,,6A,,Other,Other,Missing,,2021
,6A,1,1,,6A,,Other,Other,Missing,,2021
,6A,1,1,,6A,,Other,Other,Missing,,2021
,1,1,,,,,closed,Missing,closed,,2021
,6A,1,1,,6A,,Other,Other,Missing,,2021
,6A,1,1,,6A,,Other,Other,Missing,,2021
,6A,1,1,,6A,,Other,Other,Missing,,2021
,6A,1,,,,,Other,Missing,closed,,2021
,6A,1,1,,6A,,Other,Other,Missing,,2021
,6A,1,1,,6A,,Other,Other,Missing,,2021
,1,1,,,,,closed,Missing,closed,,2021
,4L,1,,,,,Lande,Missing,Opened,,2021
,1,1,,,,,closed,Missing,closed,,2021
,1,1,,,,,closed,Missing,closed,,2021
,1,1,,,,,closed,Missing,closed,,2021
,6A,1,1,,6A,,Other,Other,Missing,,2021
,6A,1,1,,6A,,Other,Other,Missing,,2021
,1,1,,,,,closed,Missing,closed,,2021
,1,1,4.8301887512207,1,1,115.4999,closed,closed,closed,,2021
,1,1,,,,,closed,Missing,closed,,2021
,6A,1,1,,6A,,Other,Other,Missing,,2021
,7,1,1,,7,,Other,Other,Missing,,2021
,6A,1,1,,6A,,Other,Other,Missing,,2021
,6A,1,1,,6A,,Other,Other,Missing,,2021
,6A,1,1,,6A,,Other,Other,Missing,,2021
,6A,1,1,,6A,,Other,Other,Missing,,2021
,6A,1,,,,,Other,Missing,Missing,,2021
,1,1,,,,,closed,Missing,Missing,,2021
,1,1,4.8301887512207,1,1,65.1408,closed,closed,closed,,2021
,6A,1,,,,,Other,Missing,Missing,,2021
,6A,1,1,,6A,,Other,Other,Lande,,2021
,1,1,4.8301887512207,1,1,303.578,closed,closed,closed,,2021
,1,1,,,,,closed,Missing,closed,,2021
,1,1,,,,,closed,Missing,Missing,,2021
,6A,1,1,,6A,,Other,Other,Missing,,2021
,6A,1,1,,6A,,Other,Other,Missing,,2021
,6A,1,1,,6A,,Other,Other,Missing,,2021
,6A,1,,,,,Other,Missing,Missing,,2021
,6A,1,1,,6A,,Other,Other,Missing,,2021
,6A,1,1,,6A,,Other,Other,Missing,,2021
,6A,1,1,,6A,,Other,Other,Missing,,2021
,6A,1,1,,6A,,Other,Other,Missing,,2021
,6A,1,1,,6A,,Other,Other,Missing,,2021
,6A,1,1,,6A,,Other,Other,Missing,,2021
,1,1,,,,,closed,Missing,closed,,2021
,1,1,,,,,closed,Missing,closed,,2021
,1,1,,,,,closed,Missing,closed,,2021
,1,1,,,,,closed,Missing,closed,,2021
,3,1,,,,,Opened,Missing,Opened,,2021
,1,1,,,,,closed,Missing,closed,,2021
,6A,1,1,,6A,,Other,Other,Missing,,2021
,1,1,,,,,closed,Missing,closed,,2021
,1,1,,,,,closed,Missing,closed,,2021
,1,1,4.8301887512207,1,1,22.09716,closed,closed,Opened,,2021
,1,1,,,,,closed,Missing,closed,,2021
,3,1,4.8301887512207,1,1,,Opened,closed,closed,,2021
,6A,1,1,,6A,,Other,Other,Missing,,2021
,6A,1,1,,6A,,Other,Other,Missing,,2021
,6A,1,1,,6A,,Other,Other,Missing,,2021
,7,1,1,,7,,Other,Other,Missing,,2021
,6A,1,1,,6A,,Other,Other,Missing,,2021
,6A,1,1,,6A,,Other,Other,Missing,,2021
,6A,1,,,,,Other,Missing,Missing,,2021
,6A,1,1,,6A,,Other,Other,Missing,,2021
,1,1,,,,,closed,Missing,closed,,2021
,1,1,,,,,closed,Missing,closed,,2021
,1,1,,,,,closed,Missing,closed,,2021
,1,1,4.8301887512207,1,1,2.836038,closed,closed,Opened,,2021
,1,1,,,,,closed,Missing,closed,,2021
,6A,1,1,,6A,,Other,Other,Missing,,2021
,1,1,,,,,closed,Missing,closed,,2021
,1,1,4.8301887512207,1,1,62.90584,closed,closed,closed,,2021
,1,1,,,,,closed,Missing,closed,,2021
,1,1,,,,,closed,Missing,closed,,2021
,1,1,,,,,closed,Missing,closed,,2021
,4L,1,,,,,Lande,Missing,Lande,,2021
,1,1,,,,,closed,Missing,closed,,2021
,1,1,,,,,closed,Missing,closed,,2021
,1,1,,,,,closed,Missing,closed,,2021
,1,1,,,,,closed,Missing,closed,,2021
,1,1,,,,,closed,Missing,closed,,2021
,4L,1,,,,,Lande,Missing,Lande,,2021
,6A,1,1,,6A,,Other,Other,Missing,,2021
,6A,1,1,,6A,,Other,Other,Missing,,2021
,6A,1,1,,6A,,Other,Other,Missing,,2021
,6A,1,1,,6A,,Other,Other,Missing,,2021
,1,1,,,,,closed,Missing,closed,,2021
,6A,1,1,,6A,,Other,Other,Missing,,2021
,6A,1,1,,6A,,Other,Other,Missing,,2021
,6A,1,1,,6A,,Other,Other,closed,,2021
,1,1,,,,,closed,Missing,Opened,,2021
,1,1,,,,,closed,Missing,closed,,2021
,1,1,,,,,closed,Missing,closed,,2021
,1,1,,,,,closed,Missing,closed,,2021
,1,1,,,,,closed,Missing,closed,,2021
,7,1,1,,7,,Other,Other,Missing,,2021
,1,1,,,,,closed,Missing,closed,,2021
,1,1,,,,,closed,Missing,closed,,2021
,3,1,,,,,Opened,Missing,closed,,2021
,3,1,,,,,Opened,Missing,Missing,,2021
,1,1,,,,,closed,Missing,closed,,2021
,1,1,,,,,closed,Missing,closed,,2021
,6A,1,1,,6A,,Other,Other,Missing,,2021
,1,1,4.8301887512207,1,1,193.2378,closed,closed,closed,,2021
,6A,1,1,,6A,,Other,Other,Missing,,2021
,1,1,4.8301887512207,1,1,141.5455,closed,closed,closed,,2021
,1,1,,,,,closed,Missing,closed,,2021
,6A,1,1,,6A,,Other,Other,Missing,,2021
,6A,1,1,,6A,,Other,Other,Missing,,2021
,6A,1,,,,,Other,Missing,Missing,,2021
,6A,1,1,,6A,,Other,Other,Missing,,2021
,6A,1,1,,6A,,Other,Other,Missing,,2021
,1,1,,,,,closed,Missing,closed,,2021
,6A,1,1,,6A,,Other,Other,Missing,,2021
,1,1,,,,,closed,Missing,closed,,2021
,6A,1,1,,6A,,Other,Other,Missing,,2021
,6A,1,1,,6A,,Other,Other,Missing,,2021
,6A,1,,,,,Other,Missing,Missing,,2021
,1,1,,,,,closed,Missing,closed,,2021
,1,1,4.8301887512207,1,1,99.68539,closed,closed,closed,,2021
,1,1,,,,,closed,Missing,closed,,2021
,1,1,4.8301887512207,1,1,351.3596,closed,closed,closed,,2021
,1,1,,,,,closed,Missing,closed,,2021
,4L,1,8,,6H,,Lande,Lande,Missing,,2021
,1,1,,,,,closed,Missing,closed,,2021
,1,1,4.8301887512207,1,1,383.8122,closed,closed,closed,,2021
,6H,1,1,,6H,,Other,Other,Lande,,2021
,3,1,4.8301887512207,1,1,99.89075,Opened,closed,Opened,,2021
,1,1,,,,,closed,Missing,closed,,2021
,1,1,,,,,closed,Missing,closed,,2021
,6A,1,1,,6A,,Other,Other,Missing,,2021
,1,1,,,,,closed,Missing,closed,,2021
,1,1,1,,1,,closed,closed,Missing,,2021
,1,1,,,,,closed,Missing,closed,,2021
,6A,1,1,,6A,,Other,Other,Missing,,2021
,6A,1,1,,6A,,Other,Other,Missing,,2021
,6A,1,1,,6A,,Other,Other,Missing,,2021
,1,1,,,,,closed,Missing,closed,,2021
,1,1,,,,,closed,Missing,closed,,2021
,6A,1,,,,,Other,Missing,Missing,,2021
,1,1,2.41509437561035,1,1,188.537,closed,closed,closed,,2021
,6A,1,1,,6A,,Other,Other,Missing,,2021
,6A,1,1,,6A,,Other,Other,Missing,,2021
,6A,1,,,,,Other,Missing,Missing,,2021
,1,1,,,,,closed,Missing,closed,,2021
,4L,1,,,,,Lande,Missing,closed,,2021
,1,1,,,,,closed,Missing,closed,,2021
,6A,1,1,,6A,,Other,Other,Missing,,2021
,1,1,,,,,closed,Missing,closed,,2021
,6A,1,,,,,Other,Missing,closed,,2021
,1,1,,,,,closed,Missing,closed,,2021
,1,1,,,,,closed,Missing,closed,,2021
,1,1,,,,,closed,Missing,closed,,2021
,1,1,,,,,closed,Missing,closed,,2021
,3,1,4.8301887512207,,1,,Opened,closed,closed,,2021
,3,1,,,,,Opened,Missing,Lande,,2021
,6A,1,1,,6A,,Other,Other,Missing,,2021
,1,1,,,,,closed,Missing,closed,,2021
,6A,1,1,,6A,,Other,Other,Missing,,2021
,6A,1,,,,,Other,Missing,Missing,,2021
,7,1,1,,7,,Other,Other,Missing,,2021
,6A,1,1,,6A,,Other,Other,Missing,,2021
,1,1,4.8301887512207,1,1,26.12375,closed,closed,closed,,2021
,1,1,,,,,closed,Missing,closed,,2021
,7,1,1,,7,,Other,Other,Missing,,2021
,6A,1,,,,,Other,Missing,Missing,,2021
,1,1,2.41509437561035,,6A,,closed,Other,Missing,,2021
,3,1,,,,,Opened,Missing,Lande,,2021
,7,1,1,,7,,Other,Other,Missing,,2021
,6A,1,1,,6A,,Other,Other,Missing,,2021
,1,1,2.41509437561035,1,1,133.193,closed,closed,closed,,2021
,1,1,,,,,closed,Missing,Opened,,2021
,6A,1,1,,6A,,Other,Other,Missing,,2021
,1,1,,,,,closed,Missing,closed,,2021
,1,1,4.8301887512207,1,1,59.59734,closed,closed,closed,,2021
,1,1,,,,,closed,Missing,closed,,2021
,1,1,4.8301887512207,1,1,407.4438,closed,closed,closed,,2021
,1,1,,,,,closed,Missing,closed,,2021
,4L,1,,,,,Lande,Missing,Lande,,2021
,1,1,,,,,closed,Missing,closed,,2021
,1,1,,,,,closed,Missing,closed,,2021
,4L,1,,,,,Lande,Missing,Opened,,2021
,4L,1,,,,,Lande,Missing,Opened,,2021
,6A,1,1,,6A,,Other,Other,Missing,,2021
,6A,1,1,,6A,,Other,Other,Missing,,2021
,1,1,1,,1,,closed,closed,Missing,,2021
,6A,1,1,,6A,,Other,Other,Missing,,2021
,6A,1,1,,6A,,Other,Other,Missing,,2021
,6A,1,1,,6A,,Other,Other,Missing,,2021
,6A,1,1,,6A,,Other,Other,Missing,,2021
,1,1,,,,,closed,Missing,closed,,2021
,1,1,,,,,closed,Missing,closed,,2021
,7,1,1,,7,,Other,Other,Missing,,2021
,1,1,,,,,closed,Missing,closed,,2021
,1,1,,,,,closed,Missing,closed,,2021
,1,1,,,,,closed,Missing,Missing,,2021
,1,1,,,,,closed,Missing,closed,,2021
,1,1,2.41509437561035,1,1,184.1678,closed,closed,closed,,2021
,3,1,,,,,Opened,Missing,closed,,2021
,1,1,,,,,closed,Missing,closed,,2021
,9,1,1,,9,,Other,Other,closed,,2021
,3,1,,,,,Opened,Missing,Lande,,2021
,1,1,,,,,closed,Missing,closed,,2021
,6A,1,1,,6A,,Other,Other,Missing,,2021
,1,1,,,,,closed,Missing,closed,,2021
,1,1,4.8301887512207,,6A,,closed,Other,closed,,2021
,1,1,,,,,closed,Missing,closed,,2021
,1,1,4.8301887512207,,4L,,closed,Other,closed,,2021
,6A,1,1,,6A,,Other,Other,Missing,,2021
,3,1,4.8301887512207,1,1,6.812174,Opened,closed,closed,,2021
,6A,1,1,,6A,,Other,Other,Missing,,2021
,6A,1,1,,6A,,Other,Other,Missing,,2021
,7,1,1,,7,,Other,Other,Missing,,2021
,6A,1,,,,,Other,Missing,Missing,,2021
,6A,1,1,,6A,,Other,Other,Missing,,2021
,1,1,,,,,closed,Missing,closed,,2021
,1,1,,,,,closed,Missing,closed,,2021
,6A,1,,,,,Other,Missing,Missing,,2021
,6A,1,1,,6A,,Other,Other,Missing,,2021
,1,1,4.8301887512207,1,1,29.66102,closed,closed,closed,,2021
,1,1,,,,,closed,Missing,closed,,2021
,7,1,1,,7,,Other,Other,closed,,2021
,4L,1,,,,,Lande,Missing,Lande,,2021
,3,1,4.8301887512207,1,1,5.086731,Opened,closed,Opened,,2021
,6A,1,1,,6A,,Other,Other,Missing,,2021
,4L,1,,,,,Lande,Missing,Lande,,2021
,1,1,,,,,closed,Missing,closed,,2021
,4L,1,8,,6A,,Lande,Lande,Opened,,2021
,1,1,,,,,closed,Missing,closed,,2021
,1,1,4.8301887512207,1,1,512.6131,closed,closed,closed,,2021
,1,1,,,,,closed,Missing,closed,,2021
,1,1,4.8301887512207,1,1,564.6375,closed,closed,closed,,2021
,1,1,,,,,closed,Missing,closed,,2021
,3,1,,,,,Opened,Missing,Opened,,2021
,1,1,,,,,closed,Missing,closed,,2021
,1,1,,,,,closed,Missing,Opened,,2021
,6A,1,1,,6A,,Other,Other,Missing,,2021
,1,1,,,,,closed,Missing,closed,,2021
,1,1,2.41509437561035,1,3,12.95591,closed,Other,Missing,,2021
,6A,1,1,,6A,,Other,Other,Missing,,2021
,6A,1,,,,,Other,Missing,Missing,,2021
,3,1,,,,,Opened,Missing,Opened,,2021
,1,1,,,,,closed,Missing,Lande,,2021
,1,1,1,,1,,closed,closed,Missing,,2021
,1,1,,,,,closed,Missing,closed,,2021
,3,1,,,,,Opened,Missing,Opened,,2021
,1,1,,,,,closed,Missing,closed,,2021
,1,1,,,,,closed,Missing,closed,,2021
,1,1,,,,,closed,Missing,closed,,2021
,1,1,,,,,closed,Missing,closed,,2021
,1,1,,,,,closed,Missing,closed,,2021
,6A,1,1,,6A,,Other,Other,Missing,,2021
,1,1,,,,,closed,Missing,closed,,2021
,1,1,,,,,closed,Missing,closed,,2021
,1,1,,,,,closed,Missing,closed,,2021
,1,1,,,,,closed,Missing,Missing,,2021
,1,1,,,,,closed,Missing,closed,,2021
,1,1,,,,,closed,Missing,closed,,2021
,1,1,,,,,closed,Missing,closed,,2021
,1,1,,,,,closed,Missing,closed,,2021
,6H,1,1,,6H,,Other,Other,Lande,,2021
,1,1,,,,,closed,Missing,closed,,2021
,1,1,,,,,closed,Missing,closed,,2021
,1,1,,,,,closed,Missing,closed,,2021
,1,1,4.8301887512207,1,1,96.24104,closed,closed,closed,,2021
,6A,1,1,,6A,,Other,Other,Missing,,2021
,4L,1,8,1,1,,Lande,closed,closed,,2021
,6A,1,,,,,Other,Missing,Missing,,2021
,6A,1,1,,6A,,Other,Other,Missing,,2021
,6A,1,1,,6A,,Other,Other,Missing,,2021
,3,1,,,,,Opened,Missing,Opened,,2021
,1,1,,,,,closed,Missing,closed,,2021
,1,1,2.41509437561035,1,1,131.8373,closed,closed,closed,,2021
,1,1,,,,,closed,Missing,closed,,2021
,1,1,,,,,closed,Missing,closed,,2021
,1,1,,,,,closed,Missing,closed,,2021
,1,1,4.8301887512207,1,1,147.9775,closed,closed,closed,,2021
,6A,1,1,,6A,,Other,Other,Missing,,2021
,1,1,,,,,closed,Missing,closed,,2021
,1,1,,,,,closed,Missing,Opened,,2021
,1,1,4.8301887512207,1,1,180.5131,closed,closed,closed,,2021
,1,1,,,,,closed,Missing,closed,,2021
,1,1,,,,,closed,Missing,closed,,2021
,1,1,,,,,closed,Missing,closed,,2021
,1,1,4.8301887512207,1,1,62.36499,closed,closed,closed,,2021
,1,1,,,,,closed,Missing,closed,,2021
,1,1,,,,,closed,Missing,closed,,2021
,6H,1,1,,6H,,Other,Other,Lande,,2021
,1,1,4.8301887512207,1,1,486.2216,closed,closed,closed,,2021
,6A,1,1,,6A,,Other,Other,Missing,,2021
,6A,1,1,,6A,,Other,Other,Missing,,2021
,6A,1,1,,6A,,Other,Other,Missing,,2021
,4L,1,,,,,Lande,Missing,Missing,,2021
,1,1,1,,1,,closed,closed,Missing,,2021
,6A,1,1,,6A,,Other,Other,Missing,,2021
,1,1,,,,,closed,Missing,closed,,2021
,1,1,,,,,closed,Missing,closed,,2021
,1,1,,,,,closed,Missing,closed,,2021
,3,1,,,,,Opened,Missing,closed,,2021
,1,1,,,,,closed,Missing,closed,,2021
,1,1,,,,,closed,Missing,closed,,2021
,6A,1,1,,6A,,Other,Other,Lande,,2021
,1,1,,,,,closed,Missing,closed,,2021
,6A,1,,,,,Other,Missing,Lande,,2021
,1,1,,,,,closed,Missing,closed,,2021
,1,1,,,,,closed,Missing,closed,,2021
,1,1,,,,,closed,Missing,closed,,2021
,1,1,,,,,closed,Missing,closed,,2021
,1,1,,,,,closed,Missing,closed,,2021
,1,1,,,,,closed,Missing,closed,,2021
,1,1,,,,,closed,Missing,closed,,2021
,7,1,1,,7,,Other,Other,closed,,2021
,6A,1,1,,6A,,Other,Other,Missing,,2021
,6A,1,1,,6A,,Other,Other,Missing,,2021
,6A,1,,,,,Other,Missing,Missing,,2021
,4L,1,4,1,1,120.8344,Lande,closed,Missing,,2021
,6A,1,1,,6A,,Other,Other,Missing,,2021
,4L,1,,,,,Lande,Missing,Lande,,2021
,6A,1,1,,6A,,Other,Other,Missing,,2021
,6A,1,1,,6A,,Other,Other,Missing,,2021
,3,1,,,,,Opened,Missing,Opened,,2021
,1,1,4.8301887512207,1,1,,closed,closed,closed,,2021
,1,1,,,,,closed,Missing,closed,,2021
,4L,1,8,,6H,,Lande,Lande,Missing,,2021
,1,1,,,,,closed,Missing,closed,,2021
,1,1,4.8301887512207,1,1,182.3141,closed,closed,closed,,2021
,6A,1,1,,6A,,Other,Other,Missing,,2021
,1,1,4.8301887512207,1,1,22.13843,closed,closed,closed,,2021
,1,1,,,,,closed,Missing,closed,,2021
,1,1,,,,,closed,Missing,closed,,2021
,1,1,4.8301887512207,1,1,333.0803,closed,closed,closed,,2021
,6A,1,1,,6A,,Other,Other,Missing,,2021
,6A,1,1,,6A,,Other,Other,Missing,,2021
,6A,1,1,,6A,,Other,Other,Missing,,2021
,6A,1,1,,6A,,Other,Other,Missing,1,2021
,6A,1,,,,,Other,Missing,Missing,,2021
,6A,1,1,,6A,,Other,Other,Missing,,2021
,4L,1,,,,,Lande,Missing,Lande,,2021
,1,1,,,,,closed,Missing,closed,,2021
,3,1,,,,,Opened,Missing,Opened,,2021
,1,1,,,,,closed,Missing,closed,,2021
,1,1,,,,,closed,Missing,closed,,2021
,1,1,,,,,closed,Missing,closed,,2021
,1,1,,,,,closed,Missing,closed,,2021
,1,1,,,,,closed,Missing,closed,,2021
,1,1,,,,,closed,Missing,closed,,2021
,1,1,,,,,closed,Missing,closed,,2021
,1,1,,,,,closed,Missing,closed,,2021
,6A,1,1,,6A,,Other,Other,Missing,,2021
,6A,1,,,,,Other,Missing,Missing,,2021
,6A,1,1,,6A,,Other,Other,Missing,,2021
,6A,1,1,,6A,,Other,Other,Missing,,2021
,6A,1,1,,6A,,Other,Other,Missing,1,2021
,1,1,,,,,closed,Missing,closed,1,2021
,3,1,4.8301887512207,1,3,9.884227,Opened,Opened,Opened,1,2021
,1,1,,,,,closed,Missing,closed,,2021
,1,1,4.8301887512207,1,1,47.85349,closed,closed,closed,,2021
,3,1,,,,,Opened,Missing,Lande,,2021
,1,1,,,,,closed,Missing,closed,,2021
,1,1,,,,,closed,Missing,closed,,2021
,1,1,4.8301887512207,1,1,13.85034,closed,closed,closed,,2021
,1,1,,,,,closed,Missing,closed,,2021
,1,1,4.8301887512207,1,1,39.78138,closed,closed,closed,,2021
,1,1,,,,,closed,Missing,closed,,2021
,1,1,4.8301887512207,1,1,189.5955,closed,closed,closed,,2021
,1,1,,,,,closed,Missing,closed,,2021
,6A,1,1,,6A,,Other,Other,Missing,,2021
,6A,1,1,,6A,,Other,Other,Missing,,2021
,7,1,1,,7,,Other,Other,Missing,,2021
,6A,1,1,,6A,,Other,Other,Missing,1,2021
,4L,1,,,,,Lande,Missing,Opened,1,2021
,3,1,,,,,Opened,Missing,Opened,1,2021
1,1,1,,,,,closed,Missing,closed,1,2021
,1,1,,,,,closed,Missing,closed,1,2021
,4L,1,,,,,Lande,Missing,Lande,1,2021
,1,1,,,,,closed,Missing,closed,,2021
,1,1,,,,,closed,Missing,closed,,2021
,4L,1,,,,,Lande,Missing,Lande,,2021
,6A,1,1,,6A,,Other,Other,Missing,,2021
,1,1,,,,,closed,Missing,closed,,2021
,3,1,,,,,Opened,Missing,Lande,,2021
,1,1,,,,,closed,Missing,Opened,,2021
,1,1,,,,,closed,Missing,closed,,2021
,6A,1,1,,6A,,Other,Other,Missing,,2021
,3,1,,,,,Opened,Missing,Opened,,2021
,7,1,1,,7,,Other,Other,Missing,1,2021
,6A,1,,,,,Other,Missing,Missing,1,2021
,1,1,2.41509437561035,1,1,,closed,closed,Missing,1,2021
1,1,1,,,,,closed,Missing,Opened,1,2021
,3,1,4.8301887512207,1,1,8.777258,Opened,closed,closed,1,2021
,1,1,,,,,closed,Missing,Missing,1,2021
,4L,1,,,,,Lande,Missing,Opened,1,2021
,3,1,,,,,Opened,Missing,Opened,1,2021
,3,1,4.8301887512207,1,1,12.30482,Opened,closed,closed,1,2021
,4L,1,,,,,Lande,Missing,Lande,,2021
,6A,1,1,,6A,,Other,Other,Missing,,2021
,1,1,,,,,closed,Missing,closed,,2021
,4L,1,8,1,3,,Lande,Lande,Opened,,2021
,7,1,1,,7,,Other,Other,Missing,,2021
,1,1,,,,,closed,Missing,closed,,2021
,6A,1,1,,6A,,Other,Other,Missing,1,2021
,4L,1,,,,,Lande,Missing,Missing,1,2021
,6A,1,,,,,Other,Missing,Missing,1,2021
,4L,1,,,,,Lande,Missing,closed,1,2021
1,6A,1,1,,6A,,Other,Other,Missing,1,2021
,6A,1,1,,6A,,Other,Other,Missing,1,2021
,1,1,2.41509437561035,1,1,91.67214,closed,closed,closed,1,2021
,1,1,,,,,closed,Missing,closed,1,2021
,3,1,,,,,Opened,Missing,Opened,1,2021
,1,1,,,,,closed,Missing,closed,1,2021
,6A,1,1,,6A,,Other,Other,Missing,,2021
,1,1,,,,,closed,Missing,closed,,2021
,1,1,,,,,closed,Missing,closed,,2021
,1,1,4.8301887512207,1,1,81.05725,closed,closed,closed,,2021
,1,1,,,,,closed,Missing,closed,,2021
,1,1,,,,,closed,Missing,closed,,2021
,6A,1,1,,6A,,Other,Other,Missing,,2021
,6A,1,1,,6A,,Other,Other,Missing,,2021
,6A,1,1,,6A,,Other,Other,Missing,,2021
,1,1,,,,,closed,Missing,closed,1,2021
,4L,1,4,,4L,,Lande,Lande,Lande,1,2021
,1,1,,,,,closed,Missing,closed,1,2021
,6A,1,1,,6A,,Other,Other,Missing,1,2021
1,1,1,,,,,closed,Missing,closed,1,2021
1,1,1,4.8301887512207,1,3,,closed,Other,Opened,1,2021
,3,1,,,,,Opened,Missing,closed,1,2021
,1,1,,,,,closed,Missing,closed,1,2021
,1,1,,,,,closed,Missing,closed,1,2021
,1,1,2.41509437561035,1,1,17.07957,closed,closed,closed,,2021
,1,1,,,,,closed,Missing,closed,,2021
,1,1,,,,,closed,Missing,closed,,2021
,1,1,,,,,closed,Missing,closed,,2021
,7,1,1,,7,,Other,Other,Missing,,2021
,6A,1,1,,6A,,Other,Other,Missing,,2021
,6A,1,1,,6A,,Other,Other,Missing,,2021
,6A,1,1,,6A,,Other,Other,Missing,,2021
,6A,1,1,,6A,,Other,Other,Missing,1,2021
,6A,1,1,,6A,,Other,Other,Missing,1,2021
,6A,1,1,,6A,,Other,Other,Missing,1,2021
,6A,1,1,,6A,,Other,Other,Missing,1,2021
1,1,1,,,,,closed,Missing,Opened,1,2021
1,4L,1,,,,,Lande,Missing,Lande,1,2021
1,4L,1,,,,,Lande,Missing,Opened,1,2021
,3,1,,,,,Opened,Missing,Lande,1,2021
,1,1,,,,,closed,Missing,closed,1,2021
,1,1,,,,,closed,Missing,closed,1,2021
,1,1,,,,,closed,Missing,Opened,,2021
,1,1,,,,,closed,Missing,closed,,2021
,4L,1,,,,,Lande,Missing,Lande,,2021
,1,1,,,,,closed,Missing,closed,,2021
,6A,1,1,,6A,,Other,Other,Missing,,2021
,6A,1,1,,6A,,Other,Other,Missing,,2021
,7,1,1,,7,,Other,Other,Missing,,2021
,6A,1,,,,,Other,Missing,Missing,,2021
,1,1,2.41509437561035,1,1,,closed,closed,Lande,1,2021
,7,1,,,,,Other,Missing,Missing,1,2021
,6A,1,1,,6A,,Other,Other,Missing,1,2021
,6A,1,1,,6A,,Other,Other,Missing,1,2021
,6A,1,1,,6A,,Other,Other,Missing,1,2021
1,3,1,,,,,Opened,Missing,Lande,1,2021
1,3,1,4.8301887512207,,4L,,Opened,Opened,Lande,1,2021
1,1,1,,,,,closed,Missing,closed,1,2021
,6A,1,1,,6A,,Other,Other,Missing,1,2021
,1,1,,,,,closed,Missing,Opened,,2021
,4L,1,8,,4L,,Lande,Lande,Lande,,2021
,3,1,,,,,Opened,Missing,Lande,,2021
,1,1,2.41509437561035,1,1,14.38628,closed,closed,Missing,,2021
,4L,1,,,,,Lande,Missing,Lande,,2021
,6A,1,1,,6A,,Other,Other,Missing,,2021
,7,1,1,,7,,Other,Other,Missing,,2021
,1,1,,,,,closed,Missing,Missing,,2021
,3,1,,,,,Opened,Missing,closed,,2021
,1,1,,,,,closed,Missing,Opened,1,2021
,6A,1,1,,6A,,Other,Other,Missing,1,2021
,1,1,,,,,closed,Missing,closed,1,2021
,1,1,2.41509437561035,1,1,12.93229,closed,closed,closed,1,2021
,4L,1,,,,,Lande,Missing,Opened,1,2021
,4L,1,,,,,Lande,Missing,Lande,1,2021
1,6A,1,,,,,Other,Missing,Missing,1,2021
,6A,1,1,,6A,,Other,Other,Missing,1,2021
,3,1,,,,,Opened,Missing,Opened,1,2021
,6A,1,1,,6A,,Other,Other,Missing,,2021
,3,1,,,,,Opened,Missing,Lande,,2021
,4L,1,,,,,Lande,Missing,Lande,,2021
,6A,1,1,,6A,,Other,Other,Missing,,2021
,6A,1,1,,6A,,Other,Other,Missing,,2021
,1,1,2.41509437561035,1,1,1.536209,closed,closed,Missing,,2021
,4L,1,,,,,Lande,Missing,Lande,1,2021
,4L,1,8,,4L,,Lande,Lande,Lande,1,2021
1,1,1,,,,,closed,Missing,closed,1,2021
,1,1,4.8301887512207,1,1,81.61516,closed,closed,closed,1,2021
,1,1,,,,,closed,Missing,closed,1,2021
,6A,1,1,,6A,,Other,Other,Missing,1,2021
,1,1,,,,,closed,Missing,closed,1,2021
1,3,1,4.8301887512207,,4L,,Opened,Opened,Lande,1,2021
1,4L,1,,,,,Lande,Missing,Missing,1,2021
,6A,1,1,,6A,,Other,Other,Missing,1,2021
,3,1,,,,,Opened,Missing,Lande,,2021
,1,1,4.8301887512207,1,1,8.815249,closed,closed,Opened,,2021
,6A,1,1,,6A,,Other,Other,Missing,,2021
,6A,1,1,,6A,,Other,Other,Missing,,2021
,6A,1,1,,6A,,Other,Other,Missing,,2021
,7,1,1,,7,,Other,Other,Missing,1,2021
,7,1,1,,7,,Other,Other,Missing,1,2021
,6A,1,1,,6A,,Other,Other,Missing,1,2021
,6A,1,1,,6A,,Other,Other,Missing,1,2021
,3,1,,,,,Opened,Missing,Lande,1,2021
,7,1,1,,7,,Other,Other,Missing,1,2021
,3,1,,,,,Opened,Missing,Lande,1,2021
,4L,1,,,,,Lande,Missing,Lande,1,2021
,4L,1,,,,,Lande,Missing,Lande,1,2021
,1,1,,,,,closed,Missing,Lande,,2021
,1,1,,,,,closed,Missing,closed,,2021
,6A,1,1,,6A,,Other,Other,Missing,,2021
,7,1,1,,7,,Other,Other,Missing,,2021
,6A,1,1,,6A,,Other,Other,Missing,,2021
,7,1,1,,7,,Other,Other,Missing,1,2021
,6A,1,1,,6A,,Other,Other,Missing,1,2021
,9,1,1,,9,,Other,Other,Missing,1,2021
,9,1,1,,9,,Other,Other,Missing,1,2021
,9,1,1,,9,,Other,Other,Missing,1,2021
,6A,1,,,,,Other,Missing,Missing,1,2021
,6A,1,1,,6A,,Other,Other,Missing,1,2021
,6A,1,1,,6A,,Other,Other,Missing,1,2021
,3,1,,,,,Opened,Missing,Lande,1,2021
,1,1,4.8301887512207,1,1,20.46939,closed,closed,closed,,2021
,4L,1,,,,,Lande,Missing,Lande,,2021
,6A,1,1,,6A,,Other,Other,Missing,,2021
,6A,1,1,,6A,,Other,Other,Missing,,2021
,3,1,,,,,Opened,Missing,Opened,,2021
,4L,1,,,,,Lande,Missing,Missing,,2021
,4L,1,,,,,Lande,Missing,Missing,,2021
,6A,1,,,,,Other,Missing,Missing,1,2021
,4L,1,,,,,Lande,Missing,Lande,1,2021
,9,1,1,,9,,Other,Other,Missing,1,2021
,4L,1,,,,,Lande,Missing,Missing,1,2021
1,4L,1,,,,,Lande,Missing,Lande,1,2021
,4L,1,1,,4L,,Lande,Lande,Lande,1,2021
,1,1,,,,,closed,Missing,Lande,1,2021
,4L,1,,,,,Lande,Missing,Lande,,2021
,3,1,2.41509437561035,1,1,13.71621,Opened,closed,Lande,,2021
,4L,1,4,,6A,,Lande,Lande,Missing,,2021
,6A,1,1,,6A,,Other,Other,Missing,,2021
,4L,1,,,,,Lande,Missing,Opened,,2021
,1,1,,,,,closed,Missing,closed,,2021
,3,1,,,,,Opened,Missing,Opened,,2021
,1,1,,,,,closed,Missing,closed,,2021
,9,1,1,,9,,Other,Other,Missing,,2021
,4L,1,,,,,Lande,Missing,Lande,,2021
,9,1,1,,9,,Other,Other,Missing,1,2021
,4L,1,,,,,Lande,Missing,Lande,1,2021
,9,1,1,,9,,Other,Other,Missing,1,2021
,6A,1,1,,6A,,Other,Other,Missing,,2021
,4L,1,4,,6A,,Lande,Lande,Lande,,2021
,3,1,,,,,Opened,Missing,Missing,,2021
,3,1,,,,,Opened,Missing,Lande,,2021
,6A,1,1,,6A,,Other,Other,Missing,,2021
,6A,1,,,,,Other,Missing,Missing,,2021
,1,1,,,,,closed,Missing,closed,,2021
,9,1,1,,9,,Other,Other,Missing,,2021
,8,1,1,,8,,Other,Other,Missing,,2021
,9,1,1,,9,,Other,Other,Missing,,2021
,6A,1,1,,6A,,Other,Other,Lande,,2021
,9,1,1,,9,,Other,Other,Missing,,2021
,7,1,1,,7,,Other,Other,Missing,,2021
,9,1,1,,9,,Other,Other,Missing,,2021
,9,1,1,,9,,Other,Other,Missing,,2021
,7,1,1,,7,,Other,Other,Missing,,2021
,1,1,1,,1,,closed,closed,Missing,,2021
,1,1,,,,,closed,Missing,closed,,2022
,6A,1,1,,6A,,Other,Other,Missing,,2022
,6A,1,1,,6A,,Other,Other,Missing,,2022
,6A,1,1,,6A,,Other,Other,Missing,,2022
,1,1,2.32727265357971,1,1,43.17688,closed,closed,closed,,2022
,1,1,,,,,closed,Missing,Missing,,2022
,6A,1,1,,6A,,Other,Other,Missing,,2022
,6A,1,1,,6A,,Other,Other,Missing,,2022
,6A,1,1,,6A,,Other,Other,Missing,,2022
,6A,1,1,,6A,,Other,Other,Missing,,2022
,6A,1,1,,6A,,Other,Other,Missing,,2022
,6A,1,1,,6A,,Other,Other,Missing,,2022
,6A,1,1,,6A,,Other,Other,Missing,,2022
,6A,1,,,,,Other,Missing,Missing,,2022
,6A,1,1,,6A,,Other,Other,Missing,,2022
,7,1,1,,7,,Other,Other,Missing,,2022
,6A,1,1,,6A,,Other,Other,Missing,,2022
,6A,1,1,,6A,,Other,Other,Missing,,2022
,6A,1,1,,6A,,Other,Other,Missing,,2022
,6A,1,1,,6A,,Other,Other,Missing,,2022
,6A,1,1,,6A,,Other,Other,Missing,,2022
,1,1,,,,,closed,Missing,closed,,2022
,6A,1,8,,6A,,Other,Other,Missing,,2022
,1,1,,,,,closed,Missing,closed,,2022
,6A,1,1,,6A,,Other,Other,Missing,,2022
,1,1,2.32727265357971,1,1,109.9456,closed,closed,closed,,2022
,6A,1,,,,,Other,Missing,Missing,,2022
,6A,1,1,,6A,,Other,Other,Missing,,2022
,1,1,,,,,closed,Missing,closed,,2022
,6A,1,1,,6A,,Other,Other,Missing,,2022
,7,1,1,,7,,Other,Other,Missing,,2022
,1,1,,,,,closed,Missing,closed,,2022
,1,1,,,,,closed,Missing,closed,,2022
,3,1,,,,,Opened,Missing,Missing,,2022
,1,1,,,,,closed,Missing,Missing,,2022
,6A,1,1,,6A,,Other,Other,Missing,,2022
,6A,1,1,,6A,,Other,Other,Missing,,2022
,6A,1,1,,6A,,Other,Other,Missing,,2022
,6A,1,1,,6A,,Other,Other,Missing,,2022
,6A,1,,,,,Other,Missing,Missing,,2022
,6H,1,1,,6H,,Other,Other,Lande,,2022
,6A,1,1,,6A,,Other,Other,Missing,,2022
,1,1,4.65454530715942,,6A,,closed,Other,Lande,,2022
,1,1,,,,,closed,Missing,closed,,2022
,6A,1,1,,6A,,Other,Other,Missing,,2022
,1,1,,,,,closed,Missing,closed,,2022
,1,1,,,,,closed,Missing,closed,,2022
,6A,1,1,,6A,,Other,Other,Missing,,2022
,6A,1,1,,6A,,Other,Other,Missing,,2022
,6A,1,1,,6A,,Other,Other,Missing,,2022
,6A,1,1,,6A,,Other,Other,Missing,,2022
,6A,1,1,,6A,,Other,Other,Missing,,2022
,7,1,1,,7,,Other,Other,Missing,,2022
,6A,1,,,,,Other,Missing,Missing,,2022
,6A,1,,,,,Other,Missing,Lande,,2022
,1,1,,,,,closed,Missing,closed,,2022
,1,1,4.65454530715942,1,1,134.7346,closed,closed,closed,,2022
,6A,1,1,,6A,,Other,Other,Missing,,2022
,1,1,2.32727265357971,1,1,54.21816,closed,closed,closed,,2022
,6A,1,1,,6A,,Other,Other,Missing,,2022
,6A,1,1,,6A,,Other,Other,Missing,,2022
,6A,1,1,,6A,,Other,Other,Missing,,2022
,6A,1,1,,6A,,Other,Other,Missing,,2022
,1,1,,,,,closed,Missing,closed,,2022
,1,1,4.65454530715942,1,1,79.27407,closed,closed,Opened,,2022
,6A,1,1,,6A,,Other,Other,Missing,,2022
,6A,1,1,,6A,,Other,Other,Missing,,2022
,1,1,,,,,closed,Missing,closed,,2022
,6A,1,1,,6A,,Other,Other,Missing,,2022
,6A,1,1,,6A,,Other,Other,Missing,,2022
,6A,1,,,,,Other,Missing,Missing,,2022
,6A,1,1,,6A,,Other,Other,Missing,,2022
,6A,1,1,,6A,,Other,Other,Missing,,2022
,6A,1,1,,6A,,Other,Other,Missing,,2022
,3,1,,,,,Opened,Missing,Missing,,2022
,6A,1,1,,6A,,Other,Other,Missing,,2022
,6A,1,1,,6A,,Other,Other,closed,,2022
,1,1,,,,,closed,Missing,closed,,2022
,1,1,,,,,closed,Missing,closed,,2022
,6A,1,8,,6A,,Other,Other,Missing,,2022
,6A,1,,,,,Other,Missing,Missing,,2022
,1,1,2.32727265357971,,1,,closed,closed,closed,,2022
,6A,1,1,,6A,,Other,Other,Missing,,2022
,6A,1,1,,6A,,Other,Other,Missing,,2022
,7,1,1,,7,,Other,Other,Missing,,2022
,7,1,1,,7,,Other,Other,Missing,,2022
,6A,1,1,,6A,,Other,Other,Missing,,2022
,6A,1,1,,6A,,Other,Other,Missing,,2022
,6A,1,1,,6A,,Other,Other,Missing,,2022
,6A,1,1,,6A,,Other,Other,Missing,,2022
,6A,1,1,,6A,,Other,Other,Missing,,2022
,1,1,,,,,closed,Missing,closed,,2022
,6A,1,1,,6A,,Other,Other,Missing,,2022
,1,1,,,,,closed,Missing,closed,,2022
,6A,1,1,,6A,,Other,Other,Missing,,2022
,1,1,,,,,closed,Missing,closed,,2022
,6A,1,1,,6A,,Other,Other,Missing,,2022
,7,1,1,,7,,Other,Other,Missing,,2022
,6A,1,1,,6A,,Other,Other,Missing,,2022
,6A,1,1,,6A,,Other,Other,Missing,,2022
,6A,1,1,,6A,,Other,Other,Missing,,2022
,6A,1,,,,,Other,Missing,Missing,,2022
,6A,1,1,,6A,,Other,Other,Missing,,2022
,1,1,,,,,closed,Missing,closed,,2022
,1,1,,,,,closed,Missing,closed,,2022
,6A,1,1,,6A,,Other,Other,Missing,,2022
,1,1,,,,,closed,Missing,closed,,2022
,1,1,,,,,closed,Missing,closed,,2022
,6A,1,1,,6A,,Other,Other,closed,,2022
,1,1,4.65454530715942,1,1,91.70116,closed,closed,closed,,2022
,6A,1,1,,6A,,Other,Other,Missing,,2022
,7,1,1,,7,,Other,Other,Missing,,2022
,6A,1,,,,,Other,Missing,Missing,,2022
,9,1,1,,9,,Other,Other,Missing,,2022
,1,1,,,,,closed,Missing,Missing,,2022
,6A,1,1,,6A,,Other,Other,Missing,,2022
,6A,1,,,,,Other,Missing,Missing,,2022
,6A,1,1,,6A,,Other,Other,Missing,,2022
,4L,1,,,,,Lande,Missing,Lande,,2022
,1,1,4.65454530715942,1,1,121.8168,closed,closed,closed,,2022
,6A,1,,,,,Other,Missing,Missing,,2022
,1,1,4.65454530715942,1,1,840.3067,closed,closed,closed,,2022
,6A,1,,,,,Other,Missing,Missing,,2022
,7,1,1,,7,,Other,Other,Missing,,2022
,1,1,,,,,closed,Missing,closed,,2022
,1,1,4.65454530715942,1,1,570.7151,closed,closed,closed,,2022
,4L,1,,,,,Lande,Missing,Opened,,2022
,1,1,4.65454530715942,1,1,265.9339,closed,closed,closed,,2022
,1,1,,,,,closed,Missing,Missing,,2022
,1,1,,,,,closed,Missing,Missing,,2022
,1,1,,,,,closed,Missing,closed,,2022
,1,1,,,,,closed,Missing,closed,,2022
,6A,1,1,,6A,,Other,Other,Missing,,2022
,6A,1,1,,6A,,Other,Other,Missing,,2022
,6A,1,1,,6A,,Other,Other,Missing,,2022
,6A,1,1,,6A,,Other,Other,Missing,,2022
,6A,1,1,,6A,,Other,Other,Missing,,2022
,6A,1,1,,6A,,Other,Other,Missing,,2022
,6A,1,1,,6A,,Other,Other,Missing,,2022
,3,1,2.32727265357971,,4L,,Opened,Opened,Lande,,2022
,1,1,,,,,closed,Missing,closed,,2022
,1,1,,,,,closed,Missing,closed,,2022
,6A,1,1,,6A,,Other,Other,Missing,,2022
,1,1,,,,,closed,Missing,closed,,2022
,1,1,,,,,closed,Missing,closed,,2022
,1,1,,,,,closed,Missing,closed,,2022
,1,1,,,,,closed,Missing,closed,,2022
,1,1,,,,,closed,Missing,closed,,2022
,1,1,,,,,closed,Missing,closed,,2022
,1,1,,,,,closed,Missing,closed,,2022
,1,1,,,,,closed,Missing,closed,,2022
,1,1,,,,,closed,Missing,closed,,2022
,1,1,,,,,closed,Missing,closed,,2022
,1,1,,,,,closed,Missing,closed,,2022
,1,1,4.65454530715942,1,1,,closed,closed,closed,,2022
,1,1,,,,,closed,Missing,closed,,2022
,1,1,4.65454530715942,1,1,97.33444,closed,closed,closed,,2022
,6A,1,1,,6A,,Other,Other,Missing,,2022
,1,1,,,,,closed,Missing,closed,,2022
,6A,1,1,,6A,,Other,Other,Missing,,2022
,6A,1,1,,6A,,Other,Other,Missing,,2022
,6A,1,1,,6A,,Other,Other,Missing,,2022
,6A,1,1,,6A,,Other,Other,Missing,,2022
,1,1,,,,,closed,Missing,closed,,2022
,1,1,4.65454530715942,1,1,54.15926,closed,closed,closed,,2022
,6A,1,,,,,Other,Missing,Missing,,2022
,7,1,1,,7,,Other,Other,Missing,,2022
,6A,1,1,,6A,,Other,Other,Missing,,2022
,1,1,2.32727265357971,1,1,21.08056,closed,closed,closed,,2022
,6A,1,1,,6A,,Other,Other,Missing,,2022
,1,1,4.65454530715942,1,1,59.82806,closed,closed,closed,,2022
,1,1,,,,,closed,Missing,closed,,2022
,1,1,4.65454530715942,1,1,319.524,closed,closed,closed,,2022
,6A,1,,,,,Other,Missing,Missing,,2022
,1,1,,,,,closed,Missing,closed,,2022
,1,1,,,,,closed,Missing,closed,,2022
,6A,1,1,,6A,,Other,Other,Missing,,2022
,6A,1,1,,6A,,Other,Other,Opened,,2022
,6A,1,1,,6A,,Other,Other,Lande,,2022
,6H,1,1,,6H,,Other,Other,Lande,,2022
,1,1,,,,,closed,Missing,closed,,2022
,1,1,,,,,closed,Missing,closed,,2022
,6A,1,1,,6A,,Other,Other,Missing,,2022
,6A,1,1,,6A,,Other,Other,Missing,,2022
,1,1,,,,,closed,Missing,closed,,2022
,6A,1,1,,6A,,Other,Other,Missing,,2022
,6A,1,1,,6A,,Other,Other,Missing,,2022
,6A,1,1,,6A,,Other,Other,Missing,,2022
,6A,1,1,,6A,,Other,Other,Missing,,2022
,1,1,,,,,closed,Missing,closed,,2022
,6A,1,,,,,Other,Missing,Missing,,2022
,6A,1,1,,6A,,Other,Other,Missing,,2022
,6A,1,1,,6A,,Other,Other,Missing,,2022
,6A,1,1,,6A,,Other,Other,Missing,,2022
,1,1,,,,,closed,Missing,closed,,2022
,1,1,,,,,closed,Missing,closed,,2022
,3,1,,,,,Opened,Missing,closed,,2022
,1,1,,,,,closed,Missing,closed,,2022
,1,1,,,,,closed,Missing,closed,,2022
,4L,1,,,,,Lande,Missing,Lande,,2022
,1,1,,,,,closed,Missing,closed,,2022
,6A,1,1,,6A,,Other,Other,Missing,,2022
,1,1,,,,,closed,Missing,closed,,2022
,6A,1,,,,,Other,Missing,Missing,,2022
,1,1,,,,,closed,Missing,closed,,2022
,1,1,4.65454530715942,1,1,,closed,closed,closed,,2022
,1,1,,,,,closed,Missing,closed,,2022
,1,1,4.65454530715942,1,1,17.78477,closed,closed,closed,,2022
,6A,1,1,,6A,,Other,Other,Missing,,2022
,6H,1,1,,6H,,Other,Other,Missing,,2022
,6A,1,,,,,Other,Missing,Missing,,2022
,6A,1,1,,6A,,Other,Other,Missing,,2022
,7,1,1,,7,,Other,Other,Missing,,2022
,6A,1,1,,6A,,Other,Other,Missing,,2022
,1,1,,,,,closed,Missing,closed,,2022
,6A,1,1,,6A,,Other,Other,Missing,,2022
,6A,1,1,,6A,,Other,Other,Missing,,2022
,6A,1,1,,6A,,Other,Other,Missing,,2022
,7,1,1,,7,,Other,Other,Missing,,2022
,6A,1,8,,6H,,Other,Other,Missing,,2022
,6A,1,1,,6A,,Other,Other,Missing,,2022
,1,1,2.32727265357971,1,1,121.7264,closed,closed,closed,,2022
,3,1,,,,,Opened,Missing,Opened,,2022
,4L,1,8,,4L,,Lande,Lande,Lande,,2022
,3,1,,,,,Opened,Missing,Opened,,2022
,1,1,4.65454530715942,1,1,85.52708,closed,closed,closed,,2022
,1,1,,,,,closed,Missing,closed,,2022
,1,1,4.65454530715942,1,1,231.0837,closed,closed,closed,,2022
,1,1,,,,,closed,Missing,closed,,2022
,1,1,4.65454530715942,1,1,356.6172,closed,closed,closed,,2022
,1,1,,,,,closed,Missing,closed,,2022
,6A,1,1,,6A,,Other,Other,Missing,,2022
,1,1,,,,,closed,Missing,closed,,2022
,4L,1,,,,,Lande,Missing,Lande,,2022
,4L,1,,,,,Lande,Missing,Opened,,2022
,6H,1,1,,6H,,Other,Other,Lande,,2022
,7,1,1,,7,,Other,Other,Missing,,2022
,6A,1,1,,6A,,Other,Other,Missing,,2022
,7,1,1,,7,,Other,Other,Missing,,2022
,6A,1,1,,6A,,Other,Other,Missing,,2022
,6A,1,1,,6A,,Other,Other,Missing,,2022
,6A,1,,,,,Other,Missing,Missing,,2022
,1,1,,,,,closed,Missing,closed,,2022
,6A,1,1,,6A,,Other,Other,Missing,,2022
,3,1,,,,,Opened,Missing,Opened,,2022
,1,1,,,,,closed,Missing,closed,,2022
,4L,1,,,,,Lande,Missing,Lande,,2022
,3,1,,,,,Opened,Missing,Opened,,2022
,6A,1,1,,6A,,Other,Other,Missing,,2022
,6A,1,1,,6A,,Other,Other,Missing,,2022
,6A,1,1,,6A,,Other,Other,Missing,,2022
,1,1,,,,,closed,Missing,closed,,2022
,1,1,,,,,closed,Missing,closed,,2022
,1,1,,,,,closed,Missing,closed,,2022
,1,1,,,,,closed,Missing,closed,,2022
,1,1,,,,,closed,Missing,Opened,,2022
,1,1,,,,,closed,Missing,closed,,2022
,1,1,,,,,closed,Missing,closed,,2022
,1,1,,,,,closed,Missing,closed,,2022
,3,1,4.65454530715942,1,1,1.363366,Opened,closed,Opened,,2022
,7,1,1,,7,,Other,Other,Missing,,2022
,6A,1,1,,6A,,Other,Other,Missing,,2022
,6A,1,1,,6A,,Other,Other,Missing,,2022
,7,1,1,,7,,Other,Other,Missing,,2022
,1,1,,,,,closed,Missing,Opened,,2022
,6A,1,1,,6A,,Other,Other,Missing,,2022
,6A,1,1,,6A,,Other,Other,Missing,,2022
,1,1,2.32727265357971,1,1,76.94567,closed,closed,Opened,,2022
,4L,1,,,,,Lande,Missing,Missing,,2022
,6A,1,1,,6A,,Other,Other,Missing,,2022
,3,1,,,,,Opened,Missing,Opened,,2022
,1,1,4.65454530715942,1,1,120.3459,closed,closed,closed,,2022
,1,1,,,,,closed,Missing,closed,,2022
,6A,1,1,,6A,,Other,Other,Missing,,2022
,1,1,,,,,closed,Missing,Lande,,2022
,3,1,4.65454530715942,1,1,,Opened,closed,closed,,2022
,1,1,,,,,closed,Missing,closed,,2022
,1,1,4.65454530715942,,7,,closed,Other,Opened,,2022
,1,1,,,,,closed,Missing,closed,,2022
,1,1,4.65454530715942,1,1,104.6348,closed,closed,closed,,2022
,1,1,,,,,closed,Missing,closed,,2022
,6A,1,1,,6A,,Other,Other,closed,,2022
,1,1,,,,,closed,Missing,closed,,2022
,1,1,,,,,closed,Missing,closed,,2022
,3,1,,,,,Opened,Missing,Lande,,2022
,1,1,,,,,closed,Missing,closed,,2022
,1,1,,,,,closed,Missing,closed,,2022
,4L,1,,,,,Lande,Missing,Lande,,2022
,9,1,,,,,Other,Missing,Missing,,2022
,6A,1,1,,6A,,Other,Other,Missing,,2022
,6A,1,1,,6A,,Other,Other,Missing,,2022
,1,1,2.32727265357971,1,1,13.38217,closed,closed,closed,,2022
,1,1,,,,,closed,Missing,closed,,2022
,3,1,,,,,Opened,Missing,Lande,,2022
,1,1,,,,,closed,Missing,Opened,,2022
,1,1,,,,,closed,Missing,closed,,2022
,1,1,,,,,closed,Missing,closed,,2022
,1,1,,,,,closed,Missing,closed,,2022
,1,1,,,,,closed,Missing,closed,,2022
,1,1,,,,,closed,Missing,closed,,2022
,1,1,,,,,closed,Missing,Opened,,2022
,4L,1,,,,,Lande,Missing,Lande,,2022
,1,1,,,,,closed,Missing,closed,,2022
,6A,1,1,,6A,,Other,Other,Missing,,2022
,1,1,,,,,closed,Missing,closed,,2022
,1,1,,,,,closed,Missing,closed,,2022
,1,1,,,,,closed,Missing,closed,,2022
,1,1,,,,,closed,Missing,closed,,2022
,1,1,,,,,closed,Missing,closed,,2022
,1,1,,,,,closed,Missing,closed,,2022
,1,1,,,,,closed,Missing,closed,,2022
,1,1,4.65454530715942,1,1,109.5843,closed,closed,closed,,2022
,1,1,,,,,closed,Missing,closed,,2022
,6A,1,1,,6A,,Other,Other,Missing,,2022
,1,1,,,,,closed,Missing,closed,,2022
,6A,1,1,,6A,,Other,Other,Missing,,2022
,6A,1,1,,6A,,Other,Other,Missing,,2022
,7,1,1,,7,,Other,Other,Missing,,2022
,1,1,,,,,closed,Missing,closed,,2022
,1,1,2.32727265357971,1,3,1.656278,closed,Other,Lande,,2022
,6A,1,1,,6A,,Other,Other,Missing,,2022
,1,1,4.65454530715942,1,1,95.0461,closed,closed,closed,,2022
,1,1,,,,,closed,Missing,closed,,2022
,1,1,4.65454530715942,1,1,205.3371,closed,closed,closed,,2022
,6A,1,1,,6A,,Other,Other,Lande,,2022
,1,1,4.65454530715942,1,1,733.9655,closed,closed,closed,,2022
,1,1,,,,,closed,Missing,closed,,2022
,1,1,4.65454530715942,1,1,81.39101,closed,closed,closed,,2022
,7,1,1,,7,,Other,Other,closed,,2022
,1,1,4.65454530715942,1,1,153.9384,closed,closed,closed,,2022
,1,1,,,,,closed,Missing,closed,,2022
,1,1,4.65454530715942,1,1,353.4955,closed,closed,closed,,2022
,1,1,,,,,closed,Missing,closed,,2022
,1,1,4.65454530715942,1,1,132.0334,closed,closed,closed,,2022
,1,1,,,,,closed,Missing,closed,,2022
,1,1,4.65454530715942,1,1,59.60481,closed,closed,closed,,2022
,1,1,,,,,closed,Missing,closed,,2022
,3,1,4.65454530715942,,3,,Opened,Opened,Lande,,2022
,3,1,,,,,Opened,Missing,closed,,2022
,6A,1,1,,6A,,Other,Other,Missing,,2022
,9,1,,,,,Other,Missing,Missing,,2022
,6A,1,1,,6A,,Other,Other,Missing,,2022
,6A,1,1,,6A,,Other,Other,Missing,,2022
,7,1,1,,7,,Other,Other,Missing,,2022
,1,1,2.32727265357971,1,1,4.254906,closed,closed,closed,,2022
,6A,1,1,,6A,,Other,Other,Missing,,2022
,1,1,2.32727265357971,1,1,30.30915,closed,closed,closed,,2022
,1,1,,,,,closed,Missing,Opened,,2022
,1,1,,,,,closed,Missing,closed,,2022
,1,1,,,,,closed,Missing,closed,,2022
,1,1,,,,,closed,Missing,closed,,2022
,1,1,,,,,closed,Missing,closed,,2022
,4L,1,,,,,Lande,Missing,Opened,,2022
,1,1,,,,,closed,Missing,closed,,2022
,6A,1,1,,6A,,Other,Other,Missing,,2022
,6A,1,1,,6A,,Other,Other,Missing,,2022
,1,1,,,,,closed,Missing,closed,,2022
,1,1,,,,,closed,Missing,closed,,2022
,1,1,,,,,closed,Missing,closed,,2022
,1,1,,,,,closed,Missing,closed,,2022
,1,1,,,,,closed,Missing,closed,,2022
,6H,1,1,,6H,,Other,Other,Lande,,2022
,6A,1,1,,6A,,Other,Other,Missing,,2022
,1,1,,,,,closed,Missing,closed,,2022
,6A,1,1,,6A,,Other,Other,Missing,,2022
,6A,1,1,,6A,,Other,Other,Missing,,2022
,6A,1,1,,6A,,Other,Other,Missing,,2022
,1,1,,,,,closed,Missing,closed,,2022
,3,1,4.65454530715942,1,1,,Opened,closed,Opened,,2022
,3,1,,,,,Opened,Missing,Opened,,2022
,6A,1,1,,6A,,Other,Other,Missing,,2022
,1,1,,,,,closed,Missing,closed,,2022
,1,1,,,,,closed,Missing,closed,,2022
,6A,1,1,,6A,,Other,Other,Missing,,2022
,1,1,4.65454530715942,1,1,640.7397,closed,closed,closed,,2022
,1,1,,,,,closed,Missing,closed,,2022
,3,1,4.65454530715942,1,3,1.413618,Opened,Opened,Lande,,2022
,1,1,,,,,closed,Missing,closed,,2022
,1,1,4.65454530715942,1,1,,closed,closed,Lande,,2022
,1,1,4.65454530715942,1,1,324.3293,closed,closed,closed,,2022
,1,1,,,,,closed,Missing,closed,,2022
,1,1,4.65454530715942,1,1,284.0842,closed,closed,closed,,2022
,6A,1,1,,6A,,Other,Other,Missing,,2022
,1,1,2.32727265357971,1,1,82.01531,closed,closed,Missing,,2022
,6A,1,1,,6A,,Other,Other,Missing,,2022
,6A,1,1,,6A,,Other,Other,Missing,,2022
,6A,1,1,,6A,,Other,Other,Missing,,2022
,3,1,,,,,Opened,Missing,Lande,,2022
,4L,1,,,,,Lande,Missing,Missing,,2022
,6A,1,1,,6A,,Other,Other,Missing,,2022
,3,1,,,,,Opened,Missing,Opened,,2022
,6A,1,,,,,Other,Missing,Missing,,2022
,7,1,1,,7,,Other,Other,Missing,,2022
,1,1,,,,,closed,Missing,closed,,2022
,1,1,,,,,closed,Missing,closed,,2022
,1,1,,,,,closed,Missing,closed,,2022
,1,1,,,,,closed,Missing,closed,,2022
,1,1,,,,,closed,Missing,closed,,2022
,1,1,,,,,closed,Missing,Opened,,2022
,4L,1,4,,6A,,Lande,Lande,Missing,,2022
,6A,1,1,,6A,,Other,Other,Missing,,2022
,6A,1,1,,6A,,Other,Other,Missing,,2022
,6A,1,1,,6A,,Other,Other,Missing,1,2022
,6A,1,1,,6A,,Other,Other,Missing,1,2022
,4L,1,,,,,Lande,Missing,Lande,1,2022
,6A,1,1,,6A,,Other,Other,Missing,,2022
,1,1,,,,,closed,Missing,closed,,2022
,1,1,4.65454530715942,1,1,43.70902,closed,closed,Opened,,2022
,1,1,,,,,closed,Missing,closed,,2022
,6A,1,1,,6A,,Other,Other,Missing,,2022
,1,1,,,,,closed,Missing,closed,,2022
,1,1,4.65454530715942,1,1,60.74081,closed,closed,closed,,2022
,1,1,,,,,closed,Missing,closed,,2022
,1,1,4.65454530715942,1,1,496.6003,closed,closed,closed,,2022
,1,1,,,,,closed,Missing,closed,,2022
,1,1,4.65454530715942,1,1,234.4068,closed,closed,closed,,2022
,6A,1,1,,6A,,Other,Other,Missing,,2022
,6A,1,,,,,Other,Missing,Missing,,2022
,6A,1,1,,6A,,Other,Other,Missing,,2022
,6A,1,1,,6A,,Other,Other,Missing,,2022
,6A,1,1,,6A,,Other,Other,Missing,1,2022
,3,1,,,,,Opened,Missing,closed,1,2022
,3,1,,,,,Opened,Missing,closed,1,2022
,3,1,,,,,Opened,Missing,Lande,1,2022
,1,1,,,,,closed,Missing,closed,1,2022
,1,1,,,,,closed,Missing,closed,,2022
,1,1,,,,,closed,Missing,closed,,2022
,3,1,,,,,Opened,Missing,Lande,,2022
,1,1,,,,,closed,Missing,closed,,2022
,1,1,,,,,closed,Missing,closed,,2022
,1,1,,,,,closed,Missing,closed,,2022
,1,1,,,,,closed,Missing,closed,,2022
,1,1,,,,,closed,Missing,closed,,2022
,6A,1,1,,6A,,Other,Other,Missing,,2022
,6A,1,1,,6A,,Other,Other,Missing,,2022
,6A,1,1,,6A,,Other,Other,Missing,,2022
,6H,1,1,,6H,,Other,Other,Missing,1,2022
1,3,1,2.32727265357971,1,3,8.140402,Opened,Opened,Lande,1,2022
,6A,1,1,,6A,,Other,Other,Missing,1,2022
1,1,1,,,,,closed,Missing,Opened,1,2022
,6A,1,1,,6A,,Other,Other,Missing,1,2022
,1,1,2.32727265357971,1,1,27.32725,closed,closed,closed,1,2022
,1,1,,,,,closed,Missing,closed,1,2022
,1,1,4.65454530715942,1,1,70.18389,closed,closed,closed,1,2022
,1,1,,,,,closed,Missing,closed,1,2022
,1,1,4.65454530715942,1,1,56.16683,closed,closed,closed,,2022
,1,1,,,,,closed,Missing,closed,,2022
,1,1,2.32727265357971,1,1,46.96809,closed,closed,closed,,2022
,4L,1,,,,,Lande,Missing,Lande,,2022
,6A,1,1,,6A,,Other,Other,Missing,,2022
,6A,1,1,,6A,,Other,Other,Missing,,2022
,6A,1,1,,6A,,Other,Other,Missing,1,2022
,7,1,1,,7,,Other,Other,Missing,1,2022
,6A,1,1,,6A,,Other,Other,Missing,1,2022
,6A,1,1,,6A,,Other,Other,Missing,1,2022
1,6A,1,1,,6A,,Other,Other,Missing,1,2022
,1,1,,,,,closed,Missing,closed,1,2022
,6A,1,1,,6A,,Other,Other,Missing,1,2022
,6A,1,1,,6A,,Other,Other,Missing,1,2022
,1,1,,,,,closed,Missing,closed,1,2022
,6A,1,1,,6A,,Other,Other,Missing,1,2022
,1,1,,,,,closed,Missing,closed,,2022
,1,1,,,,,closed,Missing,closed,,2022
,1,1,,,,,closed,Missing,closed,,2022
,6A,1,1,,6A,,Other,Other,Lande,,2022
,6A,1,1,,6A,,Other,Other,Missing,,2022
,6A,1,1,,6A,,Other,Other,Missing,,2022
,6A,1,1,,6A,,Other,Other,Missing,,2022
,6A,1,1,,6A,,Other,Other,Missing,,2022
,6A,1,,,,,Other,Missing,Missing,1,2022
,6A,1,1,,6A,,Other,Other,Missing,1,2022
,4L,1,8,1,3,7.271557,Lande,Lande,Lande,1,2022
,6A,1,1,,6A,,Other,Other,Missing,1,2022
,6A,1,1,,6A,,Other,Other,Missing,1,2022
1,3,1,,,,,Opened,Missing,Opened,1,2022
,1,1,4.65454530715942,1,1,6.808594,closed,closed,closed,1,2022
,1,1,,,,,closed,Missing,closed,1,2022
,1,1,4.65454530715942,1,1,54.06066,closed,closed,closed,1,2022
,1,1,,,,,closed,Missing,closed,,2022
,1,1,4.65454530715942,1,1,55.10892,closed,closed,closed,,2022
,3,1,,,,,Opened,Missing,closed,,2022
,1,1,1,,1,,closed,closed,Missing,,2022
,3,1,,,,,Opened,Missing,Lande,,2022
,6A,1,1,,6A,,Other,Other,Missing,,2022
,6A,1,,,,,Other,Missing,Missing,,2022
,6A,1,1,,6A,,Other,Other,Missing,,2022
,6A,1,,,,,Other,Missing,Missing,,2022
,6A,1,1,,6A,,Other,Other,Missing,,2022
,6A,1,1,,6A,,Other,Other,Missing,,2022
,6A,1,1,,6A,,Other,Other,Missing,1,2022
,6A,1,1,,6A,,Other,Other,Missing,1,2022
,4L,1,,,,,Lande,Missing,Lande,1,2022
,6A,1,1,,6A,,Other,Other,Missing,1,2022
1,4L,1,,,,,Lande,Missing,Lande,1,2022
,7,1,1,,7,,Other,Other,Missing,1,2022
,3,1,,,,,Opened,Missing,Opened,1,2022
,1,1,,,,,closed,Missing,closed,1,2022
,1,1,,,,,closed,Missing,Missing,1,2022
,1,1,,,,,closed,Missing,closed,,2022
,4L,1,,,,,Lande,Missing,Lande,,2022
,1,1,,,,,closed,Missing,closed,,2022
,4L,1,,,,,Lande,Missing,Lande,,2022
,6A,1,1,,6A,,Other,Other,Missing,,2022
,6A,1,1,,6A,,Other,Other,Missing,,2022
,6A,1,1,,6A,,Other,Other,Missing,,2022
,6A,1,1,,6A,,Other,Other,Missing,,2022
,6A,1,1,,6A,,Other,Other,Missing,1,2022
,6A,1,1,,6A,,Other,Other,Missing,1,2022
,6A,1,1,,6A,,Other,Other,Missing,1,2022
,6A,1,,,,,Other,Missing,Missing,1,2022
,1,1,,,,,closed,Missing,Opened,1,2022
1,3,1,,,,,Opened,Missing,Opened,1,2022
1,4L,1,,,,,Lande,Missing,Lande,1,2022
,4L,1,4,,4L,,Lande,Lande,Lande,1,2022
,3,1,,,,,Opened,Missing,closed,1,2022
,3,1,,,,,Opened,Missing,closed,1,2022
,1,1,,,,,closed,Missing,Lande,,2022
,4L,1,4,,4L,,Lande,Lande,Lande,,2022
,6A,1,1,,6A,,Other,Other,Missing,,2022
,3,1,4.65454530715942,,4L,,Opened,Opened,Lande,,2022
,6A,1,1,,6A,,Other,Other,Missing,,2022
,7,1,,,,,Other,Missing,Missing,,2022
,6A,1,1,,6A,,Other,Other,Missing,,2022
,1,1,,,,,closed,Missing,Missing,,2022
,4L,1,,,,,Lande,Missing,Lande,1,2022
,1,1,1,,1,,closed,closed,Missing,1,2022
,6A,1,1,,6A,,Other,Other,Missing,1,2022
,6A,1,1,,6A,,Other,Other,Missing,1,2022
,6A,1,,,,,Other,Missing,Missing,1,2022
,4L,1,,,,,Lande,Missing,Opened,1,2022
1,3,1,,,,,Opened,Missing,Lande,1,2022
,4L,1,,,,,Lande,Missing,Lande,1,2022
,1,1,,,,,closed,Missing,closed,1,2022
,1,1,,,,,closed,Missing,closed,,2022
,1,1,,,,,closed,Missing,Opened,,2022
,4L,1,,,,,Lande,Missing,Lande,,2022
,1,1,2.32727265357971,1,1,109.5579,closed,closed,closed,,2022
,4L,1,,,,,Lande,Missing,Lande,,2022
,6A,1,1,,6A,,Other,Other,Missing,,2022
,6A,1,1,,6A,,Other,Other,Missing,,2022
,6A,1,1,,6A,,Other,Other,Missing,,2022
,6A,1,,,,,Other,Missing,Missing,,2022
,1,1,,,,,closed,Missing,Opened,,2022
,3,1,,,,,Opened,Missing,Opened,1,2022
,6A,1,1,,6A,,Other,Other,Missing,1,2022
,1,1,,,,,closed,Missing,closed,1,2022
,4L,1,4,,4L,,Lande,Lande,Opened,1,2022
,6A,1,1,,6A,,Other,Other,Lande,1,2022
,1,1,4.65454530715942,1,3,18.2029,closed,Other,Lande,1,2022
1,6A,1,,,,,Other,Missing,Missing,1,2022
1,4L,1,8,1,1,,Lande,closed,Lande,1,2022
,6A,1,1,,6A,,Other,Other,Missing,1,2022
,1,1,2.32727265357971,1,1,5.786955,closed,closed,closed,,2022
,1,1,,,,,closed,Missing,Opened,,2022
,6A,1,1,,6A,,Other,Other,Missing,,2022
,6A,1,1,,6A,,Other,Other,Missing,,2022
,7,1,1,,7,,Other,Other,Missing,1,2022
,4L,1,,,,,Lande,Missing,Lande,1,2022
,4L,1,,,,,Lande,Missing,Lande,1,2022
1,3,1,2.32727265357971,1,1,,Opened,closed,Opened,1,2022
,1,1,,,,,closed,Missing,closed,1,2022
,6A,1,1,,6A,,Other,Other,Missing,1,2022
,1,1,,,,,closed,Missing,Missing,1,2022
,3,1,,,,,Opened,Missing,Opened,1,2022
1,3,1,,,,,Opened,Missing,Lande,1,2022
,3,1,,,,,Opened,Missing,Missing,1,2022
,3,1,,,,,Opened,Missing,Lande,,2022
,6A,1,1,,6A,,Other,Other,Missing,,2022
,6A,1,1,,6A,,Other,Other,Missing,,2022
,6A,1,1,,6A,,Other,Other,Missing,,2022
,7,1,1,,7,,Other,Other,Missing,1,2022
,6A,1,1,,6A,,Other,Other,Missing,1,2022
,4L,1,4,1,3,,Lande,Lande,Opened,1,2022
,9,1,1,,9,,Other,Other,Missing,1,2022
,9,1,1,,9,,Other,Other,Missing,1,2022
,6A,1,1,,6A,,Other,Other,Missing,1,2022
,1,1,,,,,closed,Missing,closed,1,2022
,3,1,,,,,Opened,Missing,Opened,1,2022
,3,1,4.65454530715942,1,3,5.900256,Opened,Opened,Lande,1,2022
,4L,1,,,,,Lande,Missing,Lande,,2022
,1,1,4.65454530715942,1,1,4.768962,closed,closed,closed,,2022
,6A,1,1,,6A,,Other,Other,Missing,,2022
,6A,1,1,,6A,,Other,Other,Missing,,2022
,6A,1,1,,6A,,Other,Other,Missing,,2022
,6A,1,1,,6A,,Other,Other,Missing,,2022
,6A,1,1,,6A,,Other,Other,Missing,,2022
,6A,1,1,,6A,,Other,Other,Lande,1,2022
,9,1,1,,9,,Other,Other,Missing,1,2022
,9,1,1,,9,,Other,Other,Missing,1,2022
,1,1,2.32727265357971,1,1,32.9244,closed,closed,closed,1,2022
,7,1,1,,7,,Other,Other,Missing,1,2022
,7,1,1,,7,,Other,Other,Missing,1,2022
,4L,1,,,,,Lande,Missing,Lande,1,2022
,3,1,,,,,Opened,Missing,Opened,,2022
,1,1,,,,,closed,Missing,closed,,2022
,6A,1,1,,6A,,Other,Other,Missing,,2022
,1,1,2.32727265357971,1,1,26.25055,closed,closed,closed,,2022
,1,1,,,,,closed,Missing,Missing,,2022
,4L,1,8,1,3,,Lande,Lande,Opened,,2022
,1,1,,,,,closed,Missing,closed,,2022
,4L,1,,,,,Lande,Missing,closed,,2022
,4L,1,,,,,Lande,Missing,Lande,,2022
,9,1,1,,9,,Other,Other,Missing,,2022
,9,1,1,,9,,Other,Other,Missing,1,2022
,4L,1,,,,,Lande,Missing,Lande,1,2022
,1,1,,,,,closed,Missing,closed,1,2022
,6A,1,1,,6A,,Other,Other,Missing,1,2022
,7,1,1,,7,,Other,Other,Missing,,2022
,6A,1,1,,6A,,Other,Other,Missing,,2022
,6A,1,1,,6A,,Other,Other,Missing,,2022
,1,1,,,,,closed,Missing,closed,,2022
,3,1,,,,,Opened,Missing,Lande,,2022
,4L,1,,,,,Lande,Missing,Lande,,2022
,1,1,2.32727265357971,1,1,22.95152,closed,closed,closed,,2022
,7,1,1,,7,,Other,Other,Missing,,2022
,9,1,1,,9,,Other,Other,Missing,,2022
,8,1,1,,8,,Other,Other,Missing,,2022
,8,1,1,,8,,Other,Other,Missing,,2022
,4L,1,,,,,Lande,Missing,Opened,,2022
,9,1,1,,9,,Other,Other,Missing,1,2022
,6H,1,1,,6H,,Other,Other,Lande,,2022
,9,1,1,,9,,Other,Other,Missing,,2022
,7,1,1,,7,,Other,Other,Missing,,2022
,3,1,,,,,Opened,Missing,Missing,,2022
,6A,1,1,,6A,,Other,Other,Missing,,2022
,4L,1,,,,,Lande,Missing,Lande,,2022
,8,1,1,,8,,Other,Other,Missing,,2022
,4L,1,,,,,Lande,Missing,Lande,,2022
,9,1,1,,9,,Other,Other,Missing,,2022
,9,1,1,,9,,Other,Other,Missing,,2022
,6A,1,1,,6A,,Other,Other,Missing,,2022
,1,1,,,,,closed,Missing,closed,,2022
,1,1,,,,,closed,Missing,closed,,2022
,7,1,1,,7,,Other,Other,Missing,,2022
,1,1,4.65454530715942,1,1,217.684,closed,closed,closed,,2022
,3,1,,,,,Opened,Missing,closed,,2023
,6A,1,1,,6A,,Other,Other,Missing,,2023
,6A,1,1,,6A,,Other,Other,Missing,,2023
,6A,1,1,,6A,,Other,Other,Missing,,2023
,1,1,1,,1,,closed,closed,Missing,,2023
,6A,1,1,,6A,,Other,Other,Missing,,2023
,7,1,1,,7,,Other,Other,Missing,,2023
,6A,1,1,,6A,,Other,Other,Missing,,2023
,1,1,,,,,closed,Missing,Missing,,2023
,6A,1,1,,6A,,Other,Other,Missing,,2023
,1,1,,,,,closed,Missing,closed,,2023
,6A,1,1,,6A,,Other,Other,Missing,,2023
,1,1,,,,,closed,Missing,closed,,2023
,6A,1,1,,6A,,Other,Other,Missing,,2023
,9,1,1,,9,,Other,Other,Missing,,2023
,4L,1,4,,4L,,Lande,Lande,Missing,,2023
,6A,1,1,,6A,,Other,Other,Missing,,2023
,6A,1,1,,6A,,Other,Other,Missing,,2023
,6A,1,1,,6A,,Other,Other,Missing,,2023
,6A,1,1,,6A,,Other,Other,Missing,,2023
,6A,1,1,,6A,,Other,Other,Missing,,2023
,6A,1,1,,6A,,Other,Other,Missing,,2023
,6A,1,1,,6A,,Other,Other,Missing,,2023
,6A,1,1,,6A,,Other,Other,Missing,,2023
,6A,1,1,,6A,,Other,Other,Missing,,2023
,6A,1,1,,6A,,Other,Other,Missing,,2023
,6A,1,1,,6A,,Other,Other,Missing,,2023
,6A,1,1,,6A,,Other,Other,Missing,,2023
,1,1,,,,,closed,Missing,closed,,2023
,7,1,1,,7,,Other,Other,Missing,,2023
,6H,1,1,,6H,,Other,Other,Missing,,2023
,6A,1,1,,6A,,Other,Other,Missing,,2023
,4L,1,,,,,Lande,Missing,Lande,,2023
,1,1,4.57142877578735,1,1,61.29336,closed,closed,closed,,2023
,6A,1,1,,6A,,Other,Other,Missing,,2023
,1,1,4.57142877578735,1,1,146.5129,closed,closed,closed,,2023
,6A,1,1,,6A,,Other,Other,Missing,,2023
,6A,1,1,,6A,,Other,Other,Missing,,2023
,6A,1,1,,6A,,Other,Other,Missing,,2023
,6A,1,1,,6A,,Other,Other,Missing,,2023
,6A,1,1,,6A,,Other,Other,Missing,,2023
,6A,1,1,,6A,,Other,Other,Missing,,2023
,6A,1,1,,6A,,Other,Other,Missing,,2023
,6A,1,1,,6A,,Other,Other,Missing,,2023
,1,1,,,,,closed,Missing,closed,,2023
,1,1,,,,,closed,Missing,Missing,,2023
,3,1,,,,,Opened,Missing,Opened,,2023
,6A,1,,,,,Other,Missing,Missing,,2023
,1,1,,,,,closed,Missing,closed,,2023
,1,1,4.57142877578735,1,1,322.968,closed,closed,closed,,2023
,6A,1,1,,6A,,Other,Other,Missing,,2023
,1,1,2.28571438789368,,6A,,closed,Other,Missing,,2023
,6A,1,,,,,Other,Missing,Missing,,2023
,6A,1,1,,6A,,Other,Other,Missing,,2023
,6A,1,1,,6A,,Other,Other,Missing,,2023
,1,1,,,,,closed,Missing,closed,,2023
,6A,1,1,,6A,,Other,Other,Missing,,2023
,3,1,4.57142877578735,1,3,8.299716,Opened,Opened,Opened,,2023
,1,1,,,,,closed,Missing,closed,,2023
,1,1,4.57142877578735,,7,,closed,Other,Opened,,2023
,1,1,,,,,closed,Missing,closed,,2023
,1,1,,,,,closed,Missing,closed,,2023
,6A,1,1,,6A,,Other,Other,Missing,,2023
,7,1,1,,7,,Other,Other,Missing,,2023
,1,1,1,,1,,closed,closed,Missing,,2023
,7,1,1,,7,,Other,Other,Missing,,2023
,6A,1,1,,6A,,Other,Other,Missing,,2023
,6A,1,1,,6A,,Other,Other,Missing,,2023
,1,1,,,,,closed,Missing,closed,,2023
,6A,1,1,,6A,,Other,Other,Missing,,2023
,6A,1,1,,6A,,Other,Other,closed,,2023
,,1,1,,,,,Missing,Missing,,2023
,6A,1,,,,,Other,Missing,Missing,,2023
,1,1,2.28571438789368,1,1,217.4503,closed,closed,closed,,2023
,6A,1,1,,6A,,Other,Other,Missing,,2023
,6A,1,1,,6A,,Other,Other,Missing,,2023
,7,1,1,,7,,Other,Other,Missing,,2023
,7,1,1,,7,,Other,Other,Missing,,2023
,6A,1,,,,,Other,Missing,Missing,,2023
,6A,1,1,,6A,,Other,Other,Missing,,2023
,6A,1,1,,6A,,Other,Other,Missing,,2023
,6A,1,1,,6A,,Other,Other,Missing,,2023
,6A,1,1,,6A,,Other,Other,Missing,,2023
,6A,1,8,,6A,,Other,Other,Missing,,2023
,1,1,,,,,closed,Missing,closed,,2023
,6A,1,1,,6A,,Other,Other,Missing,,2023
,6A,1,1,,6A,,Other,Other,Missing,,2023
,1,1,,,,,closed,Missing,closed,,2023
,6A,1,1,,6A,,Other,Other,Missing,,2023
,6H,1,1,,6H,,Other,Other,Missing,,2023
,6A,1,1,,6A,,Other,Other,Missing,,2023
,6A,1,1,,6A,,Other,Other,Missing,,2023
,6A,1,1,,6A,,Other,Other,Missing,,2023
,4L,1,,,,,Lande,Missing,Lande,,2023
,1,1,,,,,closed,Missing,closed,,2023
,6A,1,1,,6A,,Other,Other,Missing,,2023
,1,1,,,,,closed,Missing,closed,,2023
,1,1,,,,,closed,Missing,closed,,2023
,1,1,,,,,closed,Missing,closed,,2023
,1,1,,,,,closed,Missing,closed,,2023
,1,1,4.57142877578735,1,1,214.6963,closed,closed,closed,,2023
,6A,1,1,,6A,,Other,Other,Missing,,2023
,1,1,2.28571438789368,1,1,7.149735,closed,closed,closed,,2023
,6A,1,1,,6A,,Other,Other,Missing,,2023
,6A,1,1,,6A,,Other,Other,Missing,,2023
,6A,1,1,,6A,,Other,Other,Missing,,2023
,6A,1,1,,6A,,Other,Other,Missing,,2023
,6A,1,1,,6A,,Other,Other,Missing,,2023
,6A,1,1,,6A,,Other,Other,Missing,,2023
,6A,1,1,,6A,,Other,Other,Missing,,2023
,6A,1,1,,6A,,Other,Other,Missing,,2023
,6A,1,1,,6A,,Other,Other,Missing,,2023
,1,1,4.57142877578735,1,1,52.48595,closed,closed,closed,,2023
,1,1,,,,,closed,Missing,closed,,2023
,3,1,4.57142877578735,,4L,,Opened,Opened,Lande,,2023
,6A,1,1,,6A,,Other,Other,Missing,,2023
,6A,1,,,,,Other,Missing,closed,,2023
,6A,1,1,,6A,,Other,Other,Lande,,2023
,1,1,4.57142877578735,1,1,682.3059,closed,closed,closed,,2023
,6A,1,1,,6A,,Other,Other,Missing,,2023
,6A,1,1,,6A,,Other,Other,Missing,,2023
,1,1,,,,,closed,Missing,closed,,2023
,6A,1,1,,6A,,Other,Other,Missing,,2023
,6A,1,1,,6A,,Other,Other,Missing,,2023
,6A,1,1,,6A,,Other,Other,Missing,,2023
,4L,1,,,,,Lande,Missing,Lande,,2023
,6A,1,1,,6A,,Other,Other,Missing,,2023
,6A,1,1,,6A,,Other,Other,Missing,,2023
,6A,1,1,,6A,,Other,Other,Missing,,2023
,6A,1,1,,6A,,Other,Other,Missing,,2023
,1,1,2.28571438789368,1,1,76.73741,closed,closed,closed,,2023
,6A,1,1,,6A,,Other,Other,Missing,,2023
,6A,1,1,,6A,,Other,Other,Missing,,2023
,6A,1,1,,6A,,Other,Other,Missing,,2023
,1,1,,,,,closed,Missing,closed,,2023
,1,1,,,,,closed,Missing,closed,,2023
,1,1,,,,,closed,Missing,closed,,2023
,1,1,,,,,closed,Missing,closed,,2023
,6A,1,1,,6A,,Other,Other,Missing,,2023
,6A,1,1,,6A,,Other,Other,Missing,,2023
,1,1,,,,,closed,Missing,closed,,2023
,1,1,,,,,closed,Missing,closed,,2023
,6A,1,1,,6A,,Other,Other,Missing,,2023
,6A,1,,,,,Other,Missing,Opened,,2023
,1,1,,,,,closed,Missing,closed,,2023
,1,1,,,,,closed,Missing,closed,,2023
,3,1,,,,,Opened,Missing,closed,,2023
,1,1,4.57142877578735,1,1,543.4841,closed,closed,closed,,2023
,6H,1,1,,6H,,Other,Other,Missing,,2023
,6A,1,1,,6A,,Other,Other,Missing,,2023
,6A,1,1,,6A,,Other,Other,Missing,,2023
,6A,1,,,,,Other,Missing,Missing,,2023
,6A,1,1,,6A,,Other,Other,Missing,,2023
,6A,1,1,,6A,,Other,Other,Missing,,2023
,7,1,1,,7,,Other,Other,Missing,,2023
,1,1,4.57142877578735,1,1,78.94939,closed,closed,closed,,2023
,6A,1,1,,6A,,Other,Other,Missing,,2023
,6A,1,1,,6A,,Other,Other,Missing,,2023
,6A,1,1,,6A,,Other,Other,Missing,,2023
,1,1,4.57142877578735,1,1,44.07993,closed,closed,closed,,2023
,6A,1,1,,6A,,Other,Other,Missing,,2023
,1,1,4.57142877578735,1,1,120.6423,closed,closed,closed,,2023
,1,1,,,,,closed,Missing,closed,,2023
,1,1,4.57142877578735,,7,,closed,Other,closed,,2023
,1,1,,,,,closed,Missing,closed,,2023
,3,1,4.57142877578735,1,1,8.223826,Opened,closed,Missing,,2023
,1,1,,,,,closed,Missing,closed,,2023
,1,1,4.57142877578735,1,1,84.70882,closed,closed,closed,,2023
,3,1,,,,,Opened,Missing,Opened,,2023
,6H,1,1,,6H,,Other,Other,Lande,,2023
,1,1,,,,,closed,Missing,closed,,2023
,1,1,4.57142877578735,1,1,602.2827,closed,closed,closed,,2023
,6A,1,,,,,Other,Missing,Missing,,2023
,1,1,,,,,closed,Missing,closed,,2023
,1,1,,,,,closed,Missing,closed,,2023
,1,1,,,,,closed,Missing,closed,,2023
,1,1,,,,,closed,Missing,closed,,2023
,6A,1,1,,6A,,Other,Other,Missing,,2023
,6A,1,,,,,Other,Missing,Missing,,2023
,6A,1,1,,6A,,Other,Other,Missing,,2023
,6A,1,1,,6A,,Other,Other,Missing,,2023
,6A,1,1,,6A,,Other,Other,Missing,,2023
,1,1,,,,,closed,Missing,closed,,2023
,1,1,,,,,closed,Missing,closed,,2023
,3,1,2.28571438789368,1,1,28.18694,Opened,closed,closed,,2023
,7,1,1,,7,,Other,Other,Missing,,2023
,6A,1,1,,6A,,Other,Other,Missing,,2023
,6A,1,1,,6A,,Other,Other,Missing,,2023
,1,1,,,,,closed,Missing,closed,,2023
,1,1,,,,,closed,Missing,closed,,2023
,1,1,,,,,closed,Missing,closed,,2023
,1,1,,,,,closed,Missing,closed,,2023
,1,1,,,,,closed,Missing,closed,,2023
,1,1,,,,,closed,Missing,closed,,2023
,1,1,,,,,closed,Missing,closed,,2023
,1,1,,,,,closed,Missing,closed,,2023
,1,1,,,,,closed,Missing,closed,,2023
,6H,1,1,,6H,,Other,Other,Lande,,2023
,1,1,,,,,closed,Missing,closed,,2023
,1,1,,,,,closed,Missing,closed,,2023
,1,1,,,,,closed,Missing,closed,,2023
,6A,1,1,,6A,,Other,Other,Missing,,2023
,6A,1,1,,6A,,Other,Other,Missing,,2023
,6A,1,1,,6A,,Other,Other,Missing,,2023
,6A,1,1,,6A,,Other,Other,Missing,,2023
,6A,1,1,,6A,,Other,Other,Missing,,2023
,6A,1,1,,6A,,Other,Other,Missing,,2023
,6A,1,1,,6A,,Other,Other,Missing,,2023
,6A,1,1,,6A,,Other,Other,Missing,,2023
,6A,1,1,,6A,,Other,Other,Missing,,2023
,7,1,1,,7,,Other,Other,Missing,,2023
,6A,1,1,,6A,,Other,Other,Missing,,2023
,3,1,,,,,Opened,Missing,Opened,,2023
,1,1,4.57142877578735,1,1,147.3359,closed,closed,closed,,2023
,6A,1,1,,6A,,Other,Other,Missing,,2023
,1,1,,,,,closed,Missing,closed,,2023
,1,1,,,,,closed,Missing,closed,,2023
,1,1,4.57142877578735,1,1,66.0024,closed,closed,closed,,2023
,1,1,,,,,closed,Missing,closed,,2023
,1,1,4.57142877578735,1,1,522.3652,closed,closed,closed,,2023
,1,1,,,,,closed,Missing,closed,,2023
,6A,1,1,,6A,,Other,Other,Missing,,2023
,1,1,,,,,closed,Missing,closed,,2023
,1,1,,,,,closed,Missing,closed,,2023
,1,1,,,,,closed,Missing,closed,,2023
,1,1,,,,,closed,Missing,closed,,2023
,6A,1,1,,6A,,Other,Other,Missing,,2023
,1,1,,,,,closed,Missing,Opened,,2023
,6A,1,1,,6A,,Other,Other,Missing,,2023
,6A,1,1,,6A,,Other,Other,Missing,,2023
,7,1,1,,7,,Other,Other,Missing,,2023
,6A,1,1,,6A,,Other,Other,Missing,,2023
,6A,1,1,,6A,,Other,Other,Missing,,2023
,1,1,,,,,closed,Missing,closed,,2023
,1,1,,,,,closed,Missing,closed,,2023
,3,1,,,,,Opened,Missing,Opened,,2023
,6A,1,1,,6A,,Other,Other,Missing,,2023
,1,1,,,,,closed,Missing,closed,,2023
,4L,1,,,,,Lande,Missing,Lande,,2023
,6A,1,1,,6A,,Other,Other,Missing,,2023
,6A,1,1,,6A,,Other,Other,Missing,,2023
,3,1,,,,,Opened,Missing,Opened,,2023
,1,1,,,,,closed,Missing,closed,,2023
,6A,1,1,,6A,,Other,Other,Missing,,2023
,1,1,,,,,closed,Missing,closed,,2023
,1,1,,,,,closed,Missing,closed,,2023
,6A,1,1,,6A,,Other,Other,Missing,,2023
,1,1,,,,,closed,Missing,closed,,2023
,1,1,4.57142877578735,1,1,374.5644,closed,closed,closed,,2023
,1,1,,,,,closed,Missing,closed,,2023
,1,1,4.57142877578735,,4L,,closed,Other,closed,,2023
,1,1,,,,,closed,Missing,closed,,2023
,1,1,4.57142877578735,1,1,23.85374,closed,closed,closed,,2023
,3,1,,,,,Opened,Missing,Opened,,2023
,1,1,2.28571438789368,,1,,closed,closed,closed,,2023
,6A,1,1,,6A,,Other,Other,Missing,,2023
,7,1,1,,7,,Other,Other,Missing,,2023
,6A,1,1,,6A,,Other,Other,Missing,,2023
,6A,1,1,,6A,,Other,Other,Missing,,2023
,1,1,,,,,closed,Missing,closed,,2023
,7,1,1,,7,,Other,Other,Missing,,2023
,6A,1,1,,6A,,Other,Other,Missing,,2023
,1,1,4.57142877578735,1,1,27.98007,closed,closed,closed,,2023
,1,1,,,,,closed,Missing,closed,,2023
,1,1,4.57142877578735,1,1,44.37338,closed,closed,closed,,2023
,1,1,,,,,closed,Missing,closed,,2023
,7,1,1,,7,,Other,Other,Missing,,2023
,1,1,,,,,closed,Missing,Missing,,2023
,6A,1,8,,6A,,Other,Other,Missing,,2023
,1,1,,,,,closed,Missing,closed,,2023
,1,1,4.57142877578735,1,1,198.1485,closed,closed,closed,,2023
,1,1,,,,,closed,Missing,closed,,2023
,6A,1,1,,6A,,Other,Other,Missing,,2023
,1,1,,,,,closed,Missing,closed,,2023
,6A,1,,,,,Other,Missing,Lande,,2023
,1,1,,,,,closed,Missing,closed,,2023
,1,1,,,,,closed,Missing,closed,,2023
,1,1,,,,,closed,Missing,closed,,2023
,1,1,,,,,closed,Missing,closed,,2023
,3,1,,,,,Opened,Missing,Opened,,2023
,6A,1,1,,6A,,Other,Other,Missing,,2023
,7,1,1,,7,,Other,Other,Missing,,2023
,1,1,2.28571438789368,1,1,28.97129,closed,closed,closed,,2023
,1,1,,,,,closed,Missing,Lande,,2023
,6A,1,1,,6A,,Other,Other,Missing,,2023
,1,1,,,,,closed,Missing,Opened,,2023
,6A,1,1,,6A,,Other,Other,Missing,,2023
,6A,1,,,,,Other,Missing,Missing,,2023
,1,1,,,,,closed,Missing,closed,,2023
,3,1,,,,,Opened,Missing,Opened,,2023
,1,1,,,,,closed,Missing,closed,,2023
,1,1,,,,,closed,Missing,closed,,2023
,1,1,,,,,closed,Missing,closed,,2023
,3,1,,,,,Opened,Missing,Opened,,2023
,6A,1,1,,6A,,Other,Other,Missing,,2023
,1,1,,,,,closed,Missing,closed,,2023
,1,1,,,,,closed,Missing,closed,,2023
,1,1,,,,,closed,Missing,closed,,2023
,1,1,,,,,closed,Missing,closed,,2023
,1,1,,,,,closed,Missing,closed,,2023
,3,1,,,,,Opened,Missing,Opened,,2023
,1,1,,,,,closed,Missing,closed,,2023
,1,1,4.57142877578735,1,1,444.8375,closed,closed,closed,,2023
,1,1,,,,,closed,Missing,closed,,2023
,1,1,4.57142877578735,1,1,61.06675,closed,closed,closed,,2023
,6A,1,1,,6A,,Other,Other,Missing,,2023
,6A,1,1,,6A,,Other,Other,Missing,,2023
,6A,1,1,,6A,,Other,Other,Missing,,2023
,1,1,2.28571438789368,1,1,106.6509,closed,closed,closed,,2023
,1,1,,,,,closed,Missing,Missing,,2023
,1,1,2.28571438789368,1,1,81.54932,closed,closed,closed,,2023
,1,1,,,,,closed,Missing,Lande,,2023
,4L,1,8,,4L,,Lande,Lande,Lande,,2023
,1,1,,,,,closed,Missing,closed,,2023
,1,1,4.57142877578735,,9,,closed,Other,closed,,2023
,1,1,,,,,closed,Missing,closed,,2023
,1,1,,,,,closed,Missing,closed,,2023
,1,1,,,,,closed,Missing,closed,,2023
,3,1,4.57142877578735,1,3,37.40896,Opened,Opened,closed,,2023
,6A,1,1,,6A,,Other,Other,Missing,,2023
,6A,1,1,,6A,,Other,Other,Missing,,2023
,1,1,,,,,closed,Missing,closed,,2023
,1,1,4.57142877578735,1,1,80.29567,closed,closed,closed,,2023
,1,1,,,,,closed,Missing,Opened,,2023
,1,1,,,,,closed,Missing,closed,,2023
,1,1,,,,,closed,Missing,closed,,2023
,1,1,4.57142877578735,1,1,96.56788,closed,closed,closed,,2023
,1,1,,,,,closed,Missing,closed,,2023
,1,1,4.57142877578735,1,1,377.0586,closed,closed,closed,,2023
,1,1,,,,,closed,Missing,closed,,2023
,1,1,,,,,closed,Missing,closed,,2023
,6A,1,1,,6A,,Other,Other,closed,,2023
,3,1,,,,,Opened,Missing,Opened,,2023
,7,1,,,,,Other,Missing,Missing,,2023
,6A,1,1,,6A,,Other,Other,Missing,,2023
,6A,1,1,,6A,,Other,Other,Missing,,2023
,1,1,,,,,closed,Missing,Opened,,2023
,6A,1,1,,6A,,Other,Other,Missing,,2023
,6A,1,1,,6A,,Other,Other,Missing,,2023
,6A,1,1,,6A,,Other,Other,Missing,,2023
,3,1,,,,,Opened,Missing,Opened,,2023
,1,1,,,,,closed,Missing,closed,,2023
,1,1,,,,,closed,Missing,closed,,2023
,1,1,,,,,closed,Missing,closed,,2023
,1,1,,,,,closed,Missing,closed,,2023
,1,1,,,,,closed,Missing,closed,,2023
,1,1,,,,,closed,Missing,closed,,2023
,1,1,,,,,closed,Missing,closed,,2023
,1,1,,,,,closed,Missing,closed,,2023
,6A,1,,,,,Other,Missing,Missing,,2023
,1,1,,,,,closed,Missing,closed,,2023
,1,1,,,,,closed,Missing,closed,,2023
,1,1,,,,,closed,Missing,closed,,2023
,1,1,,,,,closed,Missing,Opened,,2023
,1,1,,,,,closed,Missing,closed,,2023
,1,1,,,,,closed,Missing,closed,,2023
,1,1,,,,,closed,Missing,closed,,2023
,3,1,4.57142877578735,1,1,165.9997,Opened,closed,closed,,2023
,6A,1,1,,6A,,Other,Other,Missing,,2023
,6A,1,1,,6A,,Other,Other,Missing,,2023
,6A,1,1,,6A,,Other,Other,Missing,,2023
,6A,1,1,,6A,,Other,Other,Missing,,2023
,6A,1,1,,6A,,Other,Other,Missing,,2023
,1,1,,,,,closed,Missing,closed,,2023
,6A,1,1,,6A,,Other,Other,Missing,,2023
,6A,1,1,,6A,,Other,Other,Missing,,2023
,1,1,,,,,closed,Missing,closed,,2023
,1,1,4.57142877578735,1,1,122.2633,closed,closed,closed,,2023
,1,1,,,,,closed,Missing,closed,,2023
,1,1,4.57142877578735,1,1,115.028,closed,closed,closed,,2023
,1,1,,,,,closed,Missing,closed,,2023
,1,1,4.57142877578735,1,1,8.875296,closed,closed,closed,,2023
,1,1,,,,,closed,Missing,closed,,2023
,6A,1,,,,,Other,Missing,Missing,,2023
,1,1,,,,,closed,Missing,closed,,2023
,1,1,4.57142877578735,1,1,323.4353,closed,closed,closed,,2023
,1,1,4.57142877578735,1,1,200.1592,closed,closed,closed,,2023
,1,1,,,,,closed,Missing,closed,,2023
,1,1,4.57142877578735,1,1,151.4346,closed,closed,closed,,2023
,1,1,,,,,closed,Missing,closed,,2023
,6A,1,1,,6A,,Other,Other,Missing,,2023
,3,1,,,,,Opened,Missing,closed,,2023
,6A,1,1,,6A,,Other,Other,Missing,,2023
,6A,1,,,,,Other,Missing,Missing,,2023
,4L,1,,,,,Lande,Missing,Missing,,2023
,1,1,,,,,closed,Missing,closed,,2023
,4L,1,,,,,Lande,Missing,Lande,,2023
,6A,1,1,,6A,,Other,Other,Missing,,2023
,6A,1,1,,6A,,Other,Other,Missing,,2023
,1,1,,,,,closed,Missing,closed,,2023
,1,1,,,,,closed,Missing,closed,,2023
,1,1,,,,,closed,Missing,closed,,2023
,6A,1,,,,,Other,Missing,Missing,,2023
,1,1,,,,,closed,Missing,closed,,2023
,1,1,,,,,closed,Missing,closed,,2023
,1,1,,,,,closed,Missing,closed,,2023
,4L,1,,,,,Lande,Missing,Lande,,2023
,1,1,,,,,closed,Missing,closed,,2023
,6A,1,1,,6A,,Other,Other,Missing,,2023
,6A,1,1,,6A,,Other,Other,Missing,,2023
,6A,1,1,,6A,,Other,Other,Missing,,2023
,6A,1,8,,6A,,Other,Other,Missing,,2023
,6A,1,1,,6A,,Other,Other,Missing,,2023
,1,1,4.57142877578735,,4L,,closed,Other,Lande,,2023
,6A,1,1,,6A,,Other,Other,Missing,,2023
,3,1,,,,,Opened,Missing,Opened,,2023
,6A,1,1,,6A,,Other,Other,Missing,,2023
,1,1,4.57142877578735,1,1,9.983277,closed,closed,closed,,2023
,1,1,,,,,closed,Missing,closed,,2023
,3,1,4.57142877578735,1,1,10.29713,Opened,closed,Lande,,2023
,1,1,,,,,closed,Missing,closed,,2023
,1,1,4.57142877578735,1,1,180.5327,closed,closed,closed,,2023
,1,1,,,,,closed,Missing,closed,,2023
,1,1,,,,,closed,Missing,closed,,2023
,3,1,,,,,Opened,Missing,Opened,,2023
,6A,1,1,,6A,,Other,Other,Missing,,2023
,6A,1,1,,6A,,Other,Other,Missing,,2023
,4L,1,,,,,Lande,Missing,Missing,,2023
,6A,1,1,,6A,,Other,Other,Missing,,2023
,6A,1,1,,6A,,Other,Other,Missing,1,2023
,1,1,2.28571438789368,1,1,109.2181,closed,closed,closed,1,2023
,1,1,,,,,closed,Missing,closed,1,2023
,1,1,,,,,closed,Missing,Opened,1,2023
,1,1,,,,,closed,Missing,closed,,2023
,3,1,,,,,Opened,Missing,Opened,,2023
,1,1,,,,,closed,Missing,closed,,2023
,1,1,,,,,closed,Missing,closed,,2023
,1,1,,,,,closed,Missing,closed,,2023
,3,1,,,,,Opened,Missing,closed,,2023
,1,1,,,,,closed,Missing,closed,,2023
,1,1,,,,,closed,Missing,closed,,2023
,1,1,,,,,closed,Missing,closed,,2023
,1,1,,,,,closed,Missing,closed,,2023
,6A,1,1,,6A,,Other,Other,Missing,,2023
,3,1,,,,,Opened,Missing,Missing,,2023
,6A,1,1,,6A,,Other,Other,Missing,,2023
,6A,1,1,,6A,,Other,Other,Missing,1,2023
1,3,1,,,,,Opened,Missing,Opened,1,2023
,6A,1,8,,6A,,Other,Other,Missing,1,2023
1,6A,1,,,,,Other,Missing,Missing,1,2023
,1,1,2.28571438789368,1,1,55.08052,closed,closed,closed,1,2023
,3,1,,,,,Opened,Missing,Opened,1,2023
,1,1,4.57142877578735,1,1,19.5354,closed,closed,closed,1,2023
,1,1,,,,,closed,Missing,closed,,2023
,3,1,4.57142877578735,,4L,,Opened,Opened,Lande,,2023
,3,1,,,,,Opened,Missing,Missing,,2023
,1,1,4.57142877578735,1,1,108.1193,closed,closed,closed,,2023
,1,1,,,,,closed,Missing,closed,,2023
,1,1,4.57142877578735,1,1,61.18346,closed,closed,closed,,2023
,6A,1,1,,6A,,Other,Other,Missing,,2023
,6A,1,1,,6A,,Other,Other,Missing,,2023
,3,1,,,,,Opened,Missing,closed,1,2023
,6A,1,1,,6A,,Other,Other,Missing,1,2023
,6A,1,1,,6A,,Other,Other,Missing,1,2023
1,1,1,,,,,closed,Missing,closed,1,2023
,6A,1,1,,6A,,Other,Other,Missing,1,2023
,1,1,2.28571438789368,1,1,,closed,closed,Opened,1,2023
,3,1,,,,,Opened,Missing,Lande,1,2023
,6A,1,1,,6A,,Other,Other,Missing,1,2023
,1,1,,,,,closed,Missing,closed,1,2023
,1,1,,,,,closed,Missing,Opened,,2023
,1,1,,,,,closed,Missing,closed,,2023
,1,1,,,,,closed,Missing,closed,,2023
,1,1,,,,,closed,Missing,Opened,,2023
,1,1,4.57142877578735,1,1,5.657995,closed,closed,closed,,2023
,6A,1,1,,6A,,Other,Other,Missing,,2023
,1,1,2.28571438789368,1,1,116.7391,closed,closed,closed,,2023
,7,1,1,,7,,Other,Other,Missing,,2023
,6A,1,1,,6A,,Other,Other,Missing,1,2023
,4L,1,,,,,Lande,Missing,Lande,1,2023
,1,1,2.28571438789368,1,1,82.61965,closed,closed,closed,1,2023
1,6A,1,1,,6A,,Other,Other,Missing,1,2023
1,1,1,4.57142877578735,1,1,37.03809,closed,closed,closed,1,2023
,4L,1,,,,,Lande,Missing,Lande,1,2023
,1,1,4.57142877578735,1,1,19.54773,closed,closed,Opened,1,2023
,1,1,,,,,closed,Missing,closed,1,2023
,1,1,,,,,closed,Missing,closed,1,2023
,1,1,1,,1,,closed,closed,closed,,2023
,1,1,4.57142877578735,1,3,,closed,Other,closed,,2023
,1,1,,,,,closed,Missing,closed,,2023
,3,1,2.28571438789368,,4L,,Opened,Opened,Lande,,2023
,1,1,,,,,closed,Missing,closed,,2023
,6A,1,1,,6A,,Other,Other,Missing,,2023
,6A,1,1,,6A,,Other,Other,Missing,,2023
,6A,1,1,,6A,,Other,Other,Missing,,2023
,4L,1,,,,,Lande,Missing,Lande,,2023
,6A,1,1,,6A,,Other,Other,Missing,1,2023
,1,1,,,,,closed,Missing,closed,1,2023
,3,1,2.28571438789368,1,1,9.888646,Opened,closed,Lande,1,2023
,6A,1,1,,6A,,Other,Other,Missing,1,2023
1,1,1,,,,,closed,Missing,closed,1,2023
1,1,1,,,,,closed,Missing,closed,1,2023
,4L,1,,,,,Lande,Missing,Lande,1,2023
,1,1,,,,,closed,Missing,closed,1,2023
,1,1,2.28571438789368,1,1,110.651,closed,closed,closed,1,2023
,1,1,,,,,closed,Missing,closed,,2023
,1,1,,,,,closed,Missing,closed,,2023
,3,1,,,,,Opened,Missing,Lande,,2023
,3,1,,,,,Opened,Missing,Opened,,2023
,1,1,,,,,closed,Missing,closed,,2023
,6A,1,1,,6A,,Other,Other,Missing,,2023
,6A,1,1,,6A,,Other,Other,Missing,,2023
,6A,1,1,,6A,,Other,Other,Missing,,2023
,6A,1,1,,6A,,Other,Other,Missing,,2023
,6A,1,1,,6A,,Other,Other,Missing,,2023
,6A,1,1,,6A,,Other,Other,Missing,1,2023
,6A,1,1,,6A,,Other,Other,Missing,1,2023
,6A,1,1,,6A,,Other,Other,Missing,1,2023
,4L,1,4,,4L,,Lande,Lande,Lande,1,2023
1,3,1,,,,,Opened,Missing,Opened,1,2023
1,3,1,4.57142877578735,1,3,,Opened,Opened,Lande,1,2023
,4L,1,,,,,Lande,Missing,Lande,1,2023
,1,1,4.57142877578735,1,1,116.6591,closed,closed,closed,1,2023
,1,1,,,,,closed,Missing,closed,1,2023
,1,1,4.57142877578735,1,1,25.93674,closed,closed,closed,,2023
,1,1,,,,,closed,Missing,Lande,,2023
,3,1,4.57142877578735,,4L,,Opened,Opened,Lande,,2023
,1,1,,,,,closed,Missing,closed,,2023
,6A,1,1,,6A,,Other,Other,Missing,,2023
,7,1,,,,,Other,Missing,Missing,,2023
,6A,1,1,,6A,,Other,Other,Missing,,2023
,6A,1,1,,6A,,Other,Other,Missing,,2023
,4L,1,,,,,Lande,Missing,Lande,1,2023
,3,1,2.28571438789368,,6H,,Opened,Opened,closed,1,2023
,6A,1,1,,6A,,Other,Other,Missing,1,2023
,6A,1,1,,6A,,Other,Other,Missing,1,2023
,4L,1,,,,,Lande,Missing,Lande,1,2023
,1,1,2.28571438789368,1,1,42.62361,closed,closed,closed,1,2023
1,6A,1,1,,6A,,Other,Other,Missing,1,2023
1,4L,1,,,,,Lande,Missing,Opened,1,2023
,6A,1,1,,6A,,Other,Other,Missing,1,2023
,1,1,,,,,closed,Missing,closed,1,2023
,1,1,,,,,closed,Missing,closed,,2023
,6A,1,,,,,Other,Missing,Missing,,2023
,6A,1,1,,6A,,Other,Other,Missing,,2023
,3,1,,,,,Opened,Missing,Lande,,2023
,6A,1,,,,,Other,Missing,Missing,,2023
,6A,1,1,,6A,,Other,Other,Missing,,2023
,6A,1,1,,6A,,Other,Other,Missing,,2023
,6A,1,1,,6A,,Other,Other,Missing,,2023
,6A,1,1,,6A,,Other,Other,Missing,1,2023
,7,1,1,,7,,Other,Other,Missing,1,2023
,6A,1,1,,6A,,Other,Other,Lande,1,2023
,1,1,,,,,closed,Missing,closed,1,2023
,1,1,2.28571438789368,1,1,43.92734,closed,closed,Opened,1,2023
,4L,1,,,,,Lande,Missing,Missing,1,2023
1,3,1,,,,,Opened,Missing,Opened,1,2023
,1,1,,,,,closed,Missing,closed,1,2023
,4L,1,4,,4L,,Lande,Lande,Lande,1,2023
,3,1,,,,,Opened,Missing,Lande,,2023
,3,1,4.57142877578735,,4L,,Opened,Opened,Lande,,2023
,1,1,,,,,closed,Missing,Lande,,2023
,6A,1,1,,6A,,Other,Other,Missing,,2023
,6A,1,,,,,Other,Missing,Missing,,2023
,6A,1,1,,6A,,Other,Other,Missing,,2023
,6A,1,1,,6A,,Other,Other,Missing,,2023
,6A,1,1,,6A,,Other,Other,Missing,1,2023
,1,1,2.28571438789368,1,1,50.56512,closed,closed,closed,1,2023
1,1,1,,,,,closed,Missing,closed,1,2023
,4L,1,,,,,Lande,Missing,Opened,1,2023
,1,1,,,,,closed,Missing,closed,1,2023
,4L,1,,,,,Lande,Missing,Opened,1,2023
,1,1,,,,,closed,Missing,Lande,1,2023
1,4L,1,,,,,Lande,Missing,Lande,1,2023
,1,1,,,,,closed,Missing,Missing,1,2023
,3,1,,,,,Opened,Missing,Lande,,2023
,4L,1,,,,,Lande,Missing,Lande,,2023
,6A,1,1,,6A,,Other,Other,Missing,,2023
,6A,1,1,,6A,,Other,Other,Missing,,2023
,6A,1,1,,6A,,Other,Other,Missing,,2023
,7,1,1,,7,,Other,Other,Missing,1,2023
,7,1,1,,7,,Other,Other,Missing,1,2023
,7,1,1,,7,,Other,Other,Missing,1,2023
1,3,1,2.28571438789368,1,3,,Opened,Opened,Opened,1,2023
,6A,1,1,,6A,,Other,Other,Missing,1,2023
,1,1,,,,,closed,Missing,closed,1,2023
,4L,1,,,,,Lande,Missing,Lande,1,2023
,4L,1,,,,,Lande,Missing,Lande,1,2023
,1,1,,,,,closed,Missing,Lande,1,2023
,1,1,4.57142877578735,,4L,,closed,Other,closed,1,2023
,1,1,,,,,closed,Missing,closed,,2023
,6A,1,1,,6A,,Other,Other,Missing,,2023
,6A,1,1,,6A,,Other,Other,Missing,,2023
,6A,1,,,,,Other,Missing,Missing,,2023
,6A,1,1,,6A,,Other,Other,Missing,1,2023
,9,1,1,,9,,Other,Other,Missing,1,2023
,9,1,1,,9,,Other,Other,Missing,1,2023
,9,1,1,,9,,Other,Other,Missing,1,2023
,1,1,,,,,closed,Missing,closed,1,2023
1,7,1,,,,,Other,Missing,Missing,1,2023
,6A,1,1,,6A,,Other,Other,Missing,1,2023
,3,1,,,,,Opened,Missing,Lande,1,2023
,3,1,,,,,Opened,Missing,Opened,,2023
,6A,1,1,,6A,,Other,Other,Missing,,2023
,7,1,1,,7,,Other,Other,Missing,,2023
,1,1,4.57142877578735,1,1,39.39143,closed,closed,closed,,2023
,1,1,,,,,closed,Missing,Lande,,2023
,4L,1,,,,,Lande,Missing,Lande,,2023
,4L,1,,,,,Lande,Missing,Lande,,2023
,9,1,1,,9,,Other,Other,Missing,,2023
,9,1,1,,9,,Other,Other,Missing,1,2023
,1,1,2.28571438789368,1,1,42.08342,closed,closed,Missing,1,2023
,1,1,,,,,closed,Missing,closed,1,2023
,7,1,1,,7,,Other,Other,Opened,1,2023
,6A,1,1,,6A,,Other,Other,Missing,1,2023
,3,1,4.57142877578735,1,1,7.010046,Opened,closed,Lande,,2023
,3,1,,,,,Opened,Missing,Lande,,2023
,4L,1,8,,4L,,Lande,Lande,Lande,,2023
,7,1,1,,7,,Other,Other,Opened,,2023
,7,1,1,,7,,Other,Other,Missing,,2023
,6A,1,1,,6A,,Other,Other,Missing,,2023
,1,1,,,,,closed,Missing,closed,,2023
,9,1,1,,9,,Other,Other,Missing,,2023
,1,1,,,,,closed,Missing,closed,,2023
,9,1,1,,9,,Other,Other,Missing,,2023
,9,1,1,,9,,Other,Other,Missing,,2023
,3,1,,,,,Opened,Missing,Lande,1,2023
,9,1,1,,9,,Other,Other,Missing,1,2023
,9,1,1,,9,,Other,Other,Missing,1,2023
,4L,1,,,,,Lande,Missing,Missing,,2023
,4L,1,,,,,Lande,Missing,Lande,,2023
,3,1,,,,,Opened,Missing,Opened,,2023
,6A,1,1,,6A,,Other,Other,Missing,,2023
,4L,1,,,,,Lande,Missing,Lande,,2023
,4L,1,,,,,Lande,Missing,Lande,,2023
,6A,1,1,,6A,,Other,Other,Missing,,2023
,4L,1,4,,6H,,Lande,Lande,Lande,,2023
,6A,1,1,,6A,,Other,Other,Missing,,2023
,9,1,1,,9,,Other,Other,Missing,,2023
,9,1,1,,9,,Other,Other,Missing,,2023
,4L,1,,,,,Lande,Missing,Lande,,2023
,6A,1,1,,6A,,Other,Other,Missing,,2023
,1,1,,,,,closed,Missing,closed,,2023
,1,1,,,,,closed,Missing,closed,,2023
,9,1,1,,9,,Other,Other,Missing,,2023
,6A,1,1,,6A,,Other,Other,Missing,,2023
,6A,1,1,,6A,,Other,Other,Missing,,2023
,4L,1,,,,,Lande,Missing,Lande,,2023
,1,1,,,,,closed,Missing,closed,,2024
,7,1,,,,,Other,Missing,Missing,,2024
,6A,1,1,,6A,,Other,Other,Missing,,2024
,6A,1,1,,6A,,Other,Other,Missing,,2024
,1,1,2.28571438789368,,1,,closed,closed,closed,,2024
,6A,1,1,,6A,,Other,Other,Missing,,2024
,6A,1,1,,6A,,Other,Other,Missing,,2024
,6A,1,1,,6A,,Other,Other,Missing,,2024
,6A,1,1,,6A,,Other,Other,Missing,,2024
,6A,1,1,,6A,,Other,Other,Missing,,2024
,6A,1,1,,6A,,Other,Other,Missing,,2024
,6A,1,1,,6A,,Other,Other,Missing,,2024
,6A,1,1,,6A,,Other,Other,Missing,,2024
,6A,1,1,,6A,,Other,Other,Missing,,2024
,6A,1,1,,6A,,Other,Other,Missing,,2024
,6A,1,1,,6A,,Other,Other,Missing,,2024
,6A,1,1,,6A,,Other,Other,Missing,,2024
,1,1,2.28571438789368,,1,,closed,closed,closed,,2024
,6A,1,1,,6A,,Other,Other,Missing,,2024
,6A,1,1,,6A,,Other,Other,Missing,,2024
,6A,1,1,,6A,,Other,Other,Missing,,2024
,6A,1,1,,6A,,Other,Other,Missing,,2024
,6A,1,1,,6A,,Other,Other,Missing,,2024
,6A,1,1,,6A,,Other,Other,Missing,,2024
,6A,1,1,,6A,,Other,Other,Missing,,2024
,6A,1,1,,6A,,Other,Other,Missing,,2024
,6A,1,1,,6A,,Other,Other,Missing,,2024
,1,1,,,,,closed,Missing,Opened,,2024
,6A,1,1,,6A,,Other,Other,Missing,,2024
,6A,1,1,,6A,,Other,Other,Missing,,2024
,3,1,,,,,Opened,Missing,Lande,,2024
,1,1,2.28571438789368,,1,,closed,closed,closed,,2024
,6A,1,1,,6A,,Other,Other,Missing,,2024
,6A,1,1,,6A,,Other,Other,Missing,,2024
,6A,1,1,,6A,,Other,Other,Missing,,2024
,1,1,2.28571438789368,,1,,closed,closed,closed,,2024
,6A,1,1,,6A,,Other,Other,Missing,,2024
,6A,1,1,,6A,,Other,Other,Missing,,2024
,6A,1,1,,6A,,Other,Other,Missing,,2024
,6A,1,1,,6A,,Other,Other,Missing,,2024
,6A,1,1,,6A,,Other,Other,Missing,,2024
,4L,1,,,,,Lande,Missing,Missing,,2024
,6A,1,1,,6A,,Other,Other,Missing,,2024
,7,1,1,,7,,Other,Other,Missing,,2024
,6A,1,1,,6A,,Other,Other,Missing,,2024
,1,1,,,,,closed,Missing,Opened,,2024
,1,1,,,,,closed,Missing,Opened,,2024
,1,1,,,,,closed,Missing,closed,,2024
,6A,1,1,,6A,,Other,Other,Missing,,2024
,6A,1,1,,6A,,Other,Other,Missing,,2024
,1,1,,,,,closed,Missing,closed,,2024
,7,1,1,,7,,Other,Other,Missing,,2024
,6A,1,1,,6A,,Other,Other,Missing,,2024
,6A,1,1,,6A,,Other,Other,Missing,,2024
,6A,1,1,,6A,,Other,Other,Missing,,2024
,6A,1,1,,6A,,Other,Other,Missing,,2024
,4L,1,,,,,Lande,Missing,Lande,,2024
,4L,1,,,,,Lande,Missing,Lande,,2024
,1,1,,,,,closed,Missing,closed,,2024
,6A,1,1,,6A,,Other,Other,Missing,,2024
,6A,1,1,,6A,,Other,Other,Missing,,2024
,1,1,,,,,closed,Missing,closed,,2024
,1,1,,,,,closed,Missing,closed,,2024
,8,1,1,,8,,Other,Other,Missing,,2024
,1,1,,,,,closed,Missing,Missing,,2024
,6A,1,1,,6A,,Other,Other,Missing,,2024
,6A,1,,,,,Other,Missing,Missing,,2024
,6A,1,1,,6A,,Other,Other,Missing,,2024
,6A,1,1,,6A,,Other,Other,Lande,,2024
,1,1,,,,,closed,Missing,closed,,2024
,6A,1,1,,6A,,Other,Other,Missing,,2024
,1,1,,,,,closed,Missing,closed,,2024
,6A,1,,,,,Other,Missing,Missing,,2024
,6A,1,1,,6A,,Other,Other,Missing,,2024
,6A,1,1,,6A,,Other,Other,Missing,,2024
,6A,1,1,,6A,,Other,Other,Missing,,2024
,6A,1,1,,6A,,Other,Other,Missing,,2024
,6A,1,1,,6A,,Other,Other,Missing,,2024
,6A,1,1,,6A,,Other,Other,Missing,,2024
,6A,1,1,,6A,,Other,Other,Missing,,2024
,1,1,4.57142877578735,,1,,closed,closed,closed,,2024
,6A,1,1,,6A,,Other,Other,Missing,,2024
,4L,1,8,,4L,,Lande,Lande,Lande,,2024
,1,1,,,,,closed,Missing,closed,,2024
,6A,1,1,,6A,,Other,Other,Missing,,2024
,6A,1,1,,6A,,Other,Other,Missing,,2024
,6A,1,1,,6A,,Other,Other,Missing,,2024
,7,1,1,,7,,Other,Other,Missing,,2024
,7,1,1,,7,,Other,Other,Missing,,2024
,6A,1,1,,6A,,Other,Other,Missing,,2024
,6A,1,1,,6A,,Other,Other,Missing,,2024
,6A,1,1,,6A,,Other,Other,Missing,,2024
,6A,1,1,,6A,,Other,Other,Missing,,2024
,7,1,1,,7,,Other,Other,Missing,,2024
,6A,1,1,,6A,,Other,Other,Missing,,2024
,1,1,,,,,closed,Missing,closed,,2024
,1,1,,,,,closed,Missing,closed,,2024
,4L,1,,,,,Lande,Missing,Lande,,2024
,1,1,,,,,closed,Missing,closed,,2024
,6A,1,1,,6A,,Other,Other,Missing,,2024
,6A,1,1,,6A,,Other,Other,Lande,,2024
,6A,1,1,,6A,,Other,Other,Missing,,2024
,6A,1,1,,6A,,Other,Other,Missing,,2024
,6A,1,1,,6A,,Other,Other,Missing,,2024
,6A,1,,,,,Other,Missing,Missing,,2024
,1,1,2.28571438789368,,1,,closed,closed,closed,,2024
,6A,1,1,,6A,,Other,Other,Missing,,2024
,1,1,1,,1,,closed,closed,Missing,,2024
,7,1,1,,7,,Other,Other,Missing,,2024
,6A,1,1,,6A,,Other,Other,Missing,,2024
,4L,1,,,,,Lande,Missing,Opened,,2024
,1,1,4.57142877578735,,1,,closed,closed,closed,,2024
,1,1,1,,1,,closed,closed,Missing,,2024
,1,1,,,,,closed,Missing,closed,,2024
,1,1,,,,,closed,Missing,closed,,2024
,4L,1,8,,6A,,Lande,Lande,Lande,,2024
,1,1,,,,,closed,Missing,closed,,2024
,1,1,,,,,closed,Missing,closed,,2024
,1,1,,,,,closed,Missing,closed,,2024
,1,1,,,,,closed,Missing,closed,,2024
,1,1,,,,,closed,Missing,closed,,2024
,6A,1,1,,6A,,Other,Other,Missing,,2024
,6A,1,1,,6A,,Other,Other,Missing,,2024
,6A,1,1,,6A,,Other,Other,Missing,,2024
,6A,1,1,,6A,,Other,Other,Missing,,2024
,6A,1,1,,6A,,Other,Other,Missing,,2024
,7,1,1,,7,,Other,Other,Missing,,2024
,6A,1,1,,6A,,Other,Other,Missing,,2024
,6A,1,1,,6A,,Other,Other,Missing,,2024
,1,1,,,,,closed,Missing,closed,,2024
,1,1,,,,,closed,Missing,closed,,2024
,1,1,,,,,closed,Missing,closed,,2024
,1,1,,,,,closed,Missing,closed,,2024
,1,1,,,,,closed,Missing,closed,,2024
,1,1,,,,,closed,Missing,closed,,2024
,1,1,,,,,closed,Missing,closed,,2024
,1,1,,,,,closed,Missing,Missing,,2024
,1,1,,,,,closed,Missing,closed,,2024
,1,1,,,,,closed,Missing,closed,,2024
,1,1,4.57142877578735,,1,,closed,closed,closed,,2024
,1,1,,,,,closed,Missing,closed,,2024
,1,1,,,,,closed,Missing,closed,,2024
,1,1,,,,,closed,Missing,closed,,2024
,1,1,4.57142877578735,,1,,closed,closed,closed,,2024
,7,1,1,,7,,Other,Other,Missing,,2024
,6A,1,8,,6A,,Other,Other,Missing,,2024
,6A,1,1,,6A,,Other,Other,Missing,,2024
,6A,1,1,,6A,,Other,Other,Missing,,2024
,6A,1,1,,6A,,Other,Other,Missing,,2024
,6A,1,1,,6A,,Other,Other,Missing,,2024
,6A,1,,,,,Other,Missing,Missing,,2024
,6A,1,1,,6A,,Other,Other,Missing,,2024
,6A,1,1,,6A,,Other,Other,Missing,,2024
,1,1,2.28571438789368,,1,,closed,closed,closed,,2024
,6A,1,1,,6A,,Other,Other,Missing,,2024
,1,1,4.57142877578735,,1,,closed,closed,closed,,2024
,1,1,,,,,closed,Missing,closed,,2024
,1,1,,,,,closed,Missing,closed,,2024
,1,1,,,,,closed,Missing,Missing,,2024
,1,1,4.57142877578735,,1,,closed,closed,closed,,2024
,1,1,,,,,closed,Missing,Missing,,2024
,6A,1,1,,6A,,Other,Other,Missing,,2024
,6A,1,1,,6A,,Other,Other,Missing,,2024
,1,1,4.57142877578735,,1,,closed,closed,closed,,2024
,1,1,,,,,closed,Missing,closed,,2024
,1,1,,,,,closed,Missing,closed,,2024
,1,1,,,,,closed,Missing,closed,,2024
,1,1,,,,,closed,Missing,closed,,2024
,1,1,,,,,closed,Missing,closed,,2024
,1,1,,,,,closed,Missing,closed,,2024
,1,1,,,,,closed,Missing,closed,,2024
,3,1,,,,,Opened,Missing,Opened,,2024
,6A,1,1,,6A,,Other,Other,Missing,,2024
,7,1,1,,7,,Other,Other,Missing,,2024
,6A,1,1,,6A,,Other,Other,Missing,,2024
,6A,1,1,,6A,,Other,Other,Missing,,2024
,6A,1,1,,6A,,Other,Other,Missing,,2024
,6A,1,1,,6A,,Other,Other,Missing,,2024
,6A,1,1,,6A,,Other,Other,Missing,,2024
,6A,1,1,,6A,,Other,Other,Missing,,2024
,6A,1,1,,6A,,Other,Other,Missing,,2024
,6A,1,1,,6A,,Other,Other,Missing,,2024
,1,1,,,,,closed,Missing,closed,,2024
,1,1,,,,,closed,Missing,closed,,2024
,1,1,,,,,closed,Missing,closed,,2024
,1,1,,,,,closed,Missing,closed,,2024
,1,1,,,,,closed,Missing,closed,,2024
,7,1,1,,7,,Other,Other,closed,,2024
,6A,1,1,,6A,,Other,Other,Missing,,2024
,7,1,1,,7,,Other,Other,Missing,,2024
,1,1,,,,,closed,Missing,closed,,2024
,6H,1,1,,6H,,Other,Other,Lande,,2024
,6A,1,1,,6A,,Other,Other,Missing,,2024
,1,1,,,,,closed,Missing,closed,,2024
,1,1,4.57142877578735,,1,,closed,closed,closed,,2024
,1,1,,,,,closed,Missing,closed,,2024
,1,1,4.57142877578735,,1,,closed,closed,closed,,2024
,1,1,,,,,closed,Missing,closed,,2024
,6A,1,1,,6A,,Other,Other,Missing,,2024
,6A,1,1,,6A,,Other,Other,Missing,,2024
,6A,1,1,,6A,,Other,Other,Missing,,2024
,6A,1,1,,6A,,Other,Other,Missing,,2024
,1,1,4.57142877578735,,1,,closed,closed,closed,,2024
,6H,1,1,,6H,,Other,Other,Missing,,2024
,6A,1,1,,6A,,Other,Other,Missing,,2024
,4L,1,,,,,Lande,Missing,Missing,,2024
,6A,1,1,,6A,,Other,Other,Missing,,2024
,7,1,1,,7,,Other,Other,Missing,,2024
,6A,1,1,,6A,,Other,Other,Missing,,2024
,1,1,,,,,closed,Missing,closed,,2024
,6A,1,1,,6A,,Other,Other,Missing,,2024
,1,1,,,,,closed,Missing,closed,,2024
,1,1,4.57142877578735,,1,,closed,closed,closed,,2024
,1,1,,,,,closed,Missing,closed,,2024
,1,1,4.57142877578735,,1,,closed,closed,closed,,2024
,6A,1,1,,6A,,Other,Other,Missing,,2024
,1,1,4.57142877578735,,1,,closed,closed,closed,,2024
,1,1,,,,,closed,Missing,closed,,2024
,1,1,,,,,closed,Missing,closed,,2024
,7,1,1,,7,,Other,Other,closed,,2024
,1,1,,,,,closed,Missing,closed,,2024
,4L,1,,,,,Lande,Missing,Opened,,2024
,4L,1,,,,,Lande,Missing,Lande,,2024
,6A,1,1,,6A,,Other,Other,Missing,,2024
,6H,1,1,,6H,,Other,Other,Missing,,2024
,6A,1,,,,,Other,Missing,closed,,2024
,6A,1,1,,6A,,Other,Other,Missing,,2024
,1,1,,,,,closed,Missing,closed,,2024
,1,1,,,,,closed,Missing,closed,,2024
,4L,1,,,,,Lande,Missing,Lande,,2024
,6A,1,1,,6A,,Other,Other,Missing,,2024
,1,1,1,,1,,closed,closed,closed,,2024
,1,1,,,,,closed,Missing,closed,,2024
,3,1,,,,,Opened,Missing,Missing,,2024
,4L,1,,,,,Lande,Missing,Lande,,2024
,1,1,,,,,closed,Missing,closed,,2024
,1,1,,,,,closed,Missing,closed,,2024
,4L,1,,,,,Lande,Missing,Lande,,2024
,1,1,,,,,closed,Missing,closed,,2024
,1,1,,,,,closed,Missing,closed,,2024
,1,1,,,,,closed,Missing,closed,,2024
,6A,1,1,,6A,,Other,Other,Missing,,2024
,1,1,,,,,closed,Missing,closed,,2024
,6A,1,1,,6A,,Other,Other,Lande,,2024
,1,1,,,,,closed,Missing,closed,,2024
,4L,1,8,,4L,,Lande,Lande,Lande,,2024
,1,1,,,,,closed,Missing,closed,,2024
,1,1,4.57142877578735,,1,,closed,closed,closed,,2024
,6A,1,1,,6A,,Other,Other,Missing,,2024
,1,1,2.28571438789368,,1,,closed,closed,closed,,2024
,7,1,1,,7,,Other,Other,Missing,,2024
,1,1,1,,1,,closed,closed,Missing,,2024
,6A,1,1,,6A,,Other,Other,Missing,,2024
,7,1,1,,7,,Other,Other,Missing,,2024
,6A,1,1,,6A,,Other,Other,Missing,,2024
,6A,1,1,,6A,,Other,Other,Missing,,2024
,1,1,,,,,closed,Missing,closed,,2024
,1,1,,,,,closed,Missing,closed,,2024
,6A,1,1,,6A,,Other,Other,Missing,,2024
,1,1,4.57142877578735,,1,,closed,closed,closed,,2024
,4L,1,,,,,Lande,Missing,Lande,,2024
,1,1,1,,1,,closed,closed,Missing,,2024
,6A,1,1,,6A,,Other,Other,Missing,,2024
,1,1,4.57142877578735,,1,,closed,closed,closed,,2024
,1,1,,,,,closed,Missing,closed,,2024
,1,1,,,,,closed,Missing,closed,,2024
,1,1,,,,,closed,Missing,closed,,2024
,1,1,4.57142877578735,,1,,closed,closed,closed,,2024
,6H,1,,,,,Other,Missing,Opened,,2024
,1,1,,,,,closed,Missing,closed,,2024
,1,1,,,,,closed,Missing,closed,,2024
,1,1,,,,,closed,Missing,closed,,2024
,3,1,,,,,Opened,Missing,Opened,,2024
,6A,1,1,,6A,,Other,Other,Missing,,2024
,7,1,1,,7,,Other,Other,Missing,,2024
,1,1,2.28571438789368,,1,,closed,closed,closed,,2024
,6A,1,1,,6A,,Other,Other,Missing,,2024
,7,1,1,,7,,Other,Other,Missing,,2024
,7,1,1,,7,,Other,Other,Missing,,2024
,1,1,2.28571438789368,,1,,closed,closed,closed,,2024
,1,1,,,,,closed,Missing,Missing,,2024
,6A,1,1,,6A,,Other,Other,Missing,,2024
,6A,1,1,,6A,,Other,Other,Missing,,2024
,6A,1,1,,6A,,Other,Other,Missing,,2024
,1,1,,,,,closed,Missing,closed,,2024
,1,1,,,,,closed,Missing,closed,,2024
,1,1,,,,,closed,Missing,closed,,2024
,1,1,2.28571438789368,,1,,closed,closed,closed,,2024
,3,1,,,,,Opened,Missing,Missing,,2024
,1,1,,,,,closed,Missing,closed,,2024
,1,1,,,,,closed,Missing,closed,,2024
,1,1,,,,,closed,Missing,closed,,2024
,1,1,,,,,closed,Missing,closed,,2024
,1,1,,,,,closed,Missing,closed,,2024
,3,1,,,,,Opened,Missing,Lande,,2024
,7,1,1,,7,,Other,Other,closed,,2024
,1,1,,,,,closed,Missing,closed,,2024
,1,1,4.57142877578735,,1,,closed,closed,closed,,2024
,4L,1,,,,,Lande,Missing,Opened,,2024
,7,1,1,,7,,Other,Other,Missing,,2024
,6A,1,1,,6A,,Other,Other,Missing,,2024
,6A,1,1,,6A,,Other,Other,Missing,,2024
,6A,1,1,,6A,,Other,Other,Missing,,2024
,1,1,2.28571438789368,,1,,closed,closed,closed,,2024
,1,1,,,,,closed,Missing,Missing,,2024
,7,1,1,,7,,Other,Other,Missing,,2024
,1,1,,,,,closed,Missing,closed,,2024
,1,1,4.57142877578735,,1,,closed,closed,closed,,2024
,1,1,,,,,closed,Missing,closed,,2024
,1,1,4.57142877578735,,1,,closed,closed,closed,,2024
,4L,1,,,,,Lande,Missing,Lande,,2024
,1,1,4.57142877578735,,1,,closed,closed,closed,,2024
,1,1,,,,,closed,Missing,closed,,2024
,6A,1,1,,6A,,Other,Other,Missing,,2024
,1,1,,,,,closed,Missing,closed,,2024
,1,1,4.57142877578735,,1,,closed,closed,closed,,2024
,4L,1,,,,,Lande,Missing,Lande,,2024
,1,1,4.57142877578735,,1,,closed,closed,closed,,2024
,1,1,,,,,closed,Missing,closed,,2024
,1,1,4.57142877578735,,1,,closed,closed,closed,,2024
,1,1,,,,,closed,Missing,closed,,2024
,1,1,4.57142877578735,,1,,closed,closed,closed,,2024
,1,1,,,,,closed,Missing,closed,,2024
,1,1,4.57142877578735,,1,,closed,closed,closed,,2024
,1,1,,,,,closed,Missing,closed,,2024
,1,1,,,,,closed,Missing,closed,,2024
,1,1,,,,,closed,Missing,closed,,2024
,6A,1,1,,6A,,Other,Other,Lande,,2024
,6A,1,1,,6A,,Other,Other,Missing,,2024
,1,1,,,,,closed,Missing,closed,,2024
,1,1,2.28571438789368,,3,,closed,Other,Opened,,2024
,6A,1,1,,6A,,Other,Other,Missing,,2024
,6A,1,1,,6A,,Other,Other,Missing,,2024
,4L,1,,,,,Lande,Missing,Lande,,2024
,1,1,,,,,closed,Missing,closed,,2024
,1,1,,,,,closed,Missing,closed,,2024
,1,1,,,,,closed,Missing,closed,,2024
,1,1,,,,,closed,Missing,closed,,2024
,1,1,,,,,closed,Missing,closed,,2024
,6H,1,1,,6H,,Other,Other,Missing,,2024
,1,1,,,,,closed,Missing,closed,,2024
,1,1,,,,,closed,Missing,closed,,2024
,1,1,,,,,closed,Missing,closed,,2024
,6A,1,1,,6A,,Other,Other,Missing,,2024
,1,1,,,,,closed,Missing,closed,,2024
,1,1,,,,,closed,Missing,closed,,2024
,1,1,,,,,closed,Missing,closed,,2024
,1,1,,,,,closed,Missing,closed,,2024
,1,1,,,,,closed,Missing,closed,,2024
,7,1,1,,7,,Other,Other,closed,,2024
,1,1,,,,,closed,Missing,closed,,2024
,1,1,,,,,closed,Missing,closed,,2024
,1,1,2.28571438789368,,9,,closed,Other,closed,,2024
,8,1,1,,8,,Other,Other,Lande,,2024
,6A,1,1,,6A,,Other,Other,Missing,,2024
,6A,1,1,,6A,,Other,Other,Missing,,2024
,6A,1,1,,6A,,Other,Other,Missing,,2024
,7,1,1,,7,,Other,Other,Missing,,2024
,6A,1,,,,,Other,Missing,Missing,,2024
,1,1,,,,,closed,Missing,Opened,,2024
,1,1,,,,,closed,Missing,closed,,2024
,1,1,,,,,closed,Missing,closed,,2024
,1,1,4.57142877578735,,1,,closed,closed,closed,,2024
,1,1,,,,,closed,Missing,Opened,,2024
,6A,1,1,,6A,,Other,Other,Missing,,2024
,1,1,,,,,closed,Missing,closed,,2024
,6A,1,1,,6A,,Other,Other,Missing,,2024
,1,1,,,,,closed,Missing,closed,,2024
,1,1,,,,,closed,Missing,closed,,2024
,1,1,,,,,closed,Missing,closed,,2024
,1,1,,,,,closed,Missing,closed,,2024
,1,1,4.57142877578735,,1,,closed,closed,closed,,2024
,1,1,,,,,closed,Missing,closed,,2024
,4L,1,,,,,Lande,Missing,Lande,,2024
,6A,1,1,,6A,,Other,Other,Missing,,2024
,6A,1,1,,6A,,Other,Other,Missing,,2024
,6A,1,1,,6A,,Other,Other,Missing,,2024
,6A,1,1,,6A,,Other,Other,Missing,,2024
,9,1,1,,9,,Other,Other,Missing,,2024
,1,1,2.28571438789368,,1,,closed,closed,closed,,2024
,7,1,1,,7,,Other,Other,Missing,,2024
,3,1,,,,,Opened,Missing,Lande,,2024
,6A,1,1,,6A,,Other,Other,Missing,,2024
,1,1,,,,,closed,Missing,closed,,2024
,1,1,,,,,closed,Missing,closed,,2024
,6A,1,1,,6A,,Other,Other,Lande,,2024
,1,1,,,,,closed,Missing,closed,,2024
,1,1,,,,,closed,Missing,closed,,2024
,1,1,,,,,closed,Missing,closed,,2024
,1,1,,,,,closed,Missing,closed,,2024
,6A,1,1,,6A,,Other,Other,Missing,,2024
,1,1,,,,,closed,Missing,closed,,2024
,1,1,,,,,closed,Missing,closed,,2024
,1,1,,,,,closed,Missing,Opened,,2024
,1,1,,,,,closed,Missing,closed,,2024
,6A,1,1,,6A,,Other,Other,Missing,,2024
,6A,1,1,,6A,,Other,Other,Missing,,2024
,6A,1,1,,6A,,Other,Other,Missing,,2024
,6A,1,1,,6A,,Other,Other,Missing,,2024
,3,1,,,,,Opened,Missing,Opened,,2024
,3,1,,,,,Opened,Missing,Opened,,2024
,1,1,,,,,closed,Missing,Opened,,2024
,6A,1,1,,6A,,Other,Other,Missing,,2024
,1,1,,,,,closed,Missing,closed,,2024
,1,1,4.57142877578735,,1,,closed,closed,closed,,2024
,1,1,,,,,closed,Missing,closed,,2024
,1,1,4.57142877578735,,1,,closed,closed,closed,,2024
,4L,1,,,,,Lande,Missing,Lande,,2024
,1,1,4.57142877578735,,1,,closed,closed,closed,,2024
,1,1,,,,,closed,Missing,closed,,2024
,1,1,4.57142877578735,,1,,closed,closed,closed,,2024
,6A,1,1,,6A,,Other,Other,Missing,,2024
,6A,1,1,,6A,,Other,Other,Missing,,2024
,7,1,,,,,Other,Missing,Missing,,2024
,6A,1,1,,6A,,Other,Other,Missing,,2024
,6A,1,1,,6A,,Other,Other,Missing,1,2024
,1,1,,,,,closed,Missing,closed,1,2024
,3,1,,,,,Opened,Missing,Lande,1,2024
,1,1,2.28571438789368,,3,,closed,Other,Lande,,2024
,1,1,,,,,closed,Missing,closed,,2024
,1,1,2.28571438789368,,1,,closed,closed,closed,,2024
,1,1,,,,,closed,Missing,closed,,2024
,6A,1,1,,6A,,Other,Other,Lande,,2024
,6A,1,,,,,Other,Missing,Missing,,2024
,1,1,,,,,closed,Missing,closed,,2024
,1,1,,,,,closed,Missing,closed,,2024
,1,1,,,,,closed,Missing,closed,,2024
,7,1,1,,7,,Other,Other,Missing,,2024
,4L,1,4,,3,,Lande,Lande,Missing,,2024
,1,1,,,,,closed,Missing,closed,,2024
,6A,1,1,,6A,,Other,Other,Missing,,2024
,6A,1,1,,6A,,Other,Other,Missing,1,2024
,1,1,2.28571438789368,,1,,closed,closed,closed,1,2024
,3,1,,,,,Opened,Missing,Opened,1,2024
,6A,1,1,,6A,,Other,Other,Missing,1,2024
,9,1,,,,,Other,Missing,Missing,1,2024
,1,1,2.28571438789368,,1,,closed,closed,closed,1,2024
,1,1,,,,,closed,Missing,closed,1,2024
,1,1,4.57142877578735,,1,,closed,closed,closed,,2024
,4L,1,,,,,Lande,Missing,Opened,,2024
,1,1,,,,,closed,Missing,closed,,2024
,1,1,,,,,closed,Missing,closed,,2024
,1,1,4.57142877578735,,1,,closed,closed,closed,,2024
,1,1,,,,,closed,Missing,closed,,2024
,6A,1,1,,6A,,Other,Other,Missing,,2024
,3,1,,,,,Opened,Missing,Lande,,2024
,6H,1,1,,6H,,Other,Other,Lande,1,2024
,3,1,,,,,Opened,Missing,Lande,1,2024
,6A,1,1,,6A,,Other,Other,Missing,1,2024
1,4L,1,,,,,Lande,Missing,Opened,1,2024
1,6A,1,1,,6A,,Other,Other,Missing,1,2024
,1,1,,,,,closed,Missing,closed,1,2024
,3,1,,,,,Opened,Missing,Lande,1,2024
,1,1,,,,,closed,Missing,closed,1,2024
,1,1,,,,,closed,Missing,closed,1,2024
,1,1,,,,,closed,Missing,closed,,2024
,3,1,,,,,Opened,Missing,Opened,,2024
,1,1,,,,,closed,Missing,closed,,2024
,1,1,,,,,closed,Missing,closed,,2024
,1,1,,,,,closed,Missing,closed,,2024
,1,1,1,,1,,closed,closed,closed,,2024
,6A,1,1,,6A,,Other,Other,Missing,1,2024
,1,1,2.28571438789368,,6A,,closed,Other,Missing,1,2024
,6A,1,,,,,Other,Missing,Missing,1,2024
1,4L,1,8,,3,,Lande,Lande,Missing,1,2024
,6A,1,1,,6A,,Other,Other,Missing,1,2024
,3,1,2.28571438789368,,3,,Opened,Opened,Lande,1,2024
,1,1,,,,,closed,Missing,closed,1,2024
,1,1,4.57142877578735,,1,,closed,closed,closed,1,2024
,1,1,,,,,closed,Missing,Opened,1,2024
,1,1,4.57142877578735,,1,,closed,closed,closed,,2024
,1,1,,,,,closed,Missing,closed,,2024
,1,1,4.57142877578735,,1,,closed,closed,closed,,2024
,1,1,,,,,closed,Missing,closed,,2024
,6A,1,1,,6A,,Other,Other,Missing,,2024
,6A,1,1,,6A,,Other,Other,Missing,,2024
,1,1,1,,1,,closed,closed,Missing,,2024
,6A,1,1,,6A,,Other,Other,Missing,,2024
,6A,1,1,,6A,,Other,Other,Missing,1,2024
,6A,1,1,,6A,,Other,Other,Missing,1,2024
,1,1,,,,,closed,Missing,closed,1,2024
,3,1,2.28571438789368,,1,,Opened,closed,Lande,1,2024
1,6A,1,1,,6A,,Other,Other,Missing,1,2024
1,1,1,2.28571438789368,,1,,closed,closed,closed,1,2024
1,3,1,,,,,Opened,Missing,Opened,1,2024
,3,1,,,,,Opened,Missing,Opened,1,2024
,1,1,,,,,closed,Missing,closed,1,2024
,1,1,,,,,closed,Missing,closed,1,2024
,1,1,,,,,closed,Missing,closed,,2024
,1,1,,,,,closed,Missing,closed,,2024
,3,1,,,,,Opened,Missing,Opened,,2024
,1,1,,,,,closed,Missing,closed,,2024
,1,1,,,,,closed,Missing,closed,,2024
,1,1,2.28571438789368,,1,,closed,closed,closed,,2024
,6A,1,1,,6A,,Other,Other,Missing,,2024
,1,1,2.28571438789368,,1,,closed,closed,closed,,2024
,6A,1,1,,6A,,Other,Other,Missing,,2024
,6A,1,1,,6A,,Other,Other,Missing,1,2024
,6A,1,1,,6A,,Other,Other,Missing,1,2024
,1,1,2.28571438789368,,1,,closed,closed,closed,1,2024
,6A,1,1,,6A,,Other,Other,Missing,1,2024
1,4L,1,,,,,Lande,Missing,Lande,1,2024
1,1,1,,,,,closed,Missing,closed,1,2024
,1,1,,,,,closed,Missing,Opened,1,2024
,3,1,,,,,Opened,Missing,Lande,1,2024
,1,1,4.57142877578735,,1,,closed,closed,closed,1,2024
,1,1,,,,,closed,Missing,closed,,2024
,1,1,4.57142877578735,,1,,closed,closed,closed,,2024
,1,1,,,,,closed,Missing,Opened,,2024
,3,1,2.28571438789368,,4L,,Opened,Opened,Lande,,2024
,1,1,,,,,closed,Missing,closed,,2024
,6A,1,1,,6A,,Other,Other,Missing,,2024
,6A,1,1,,6A,,Other,Other,Missing,,2024
,6A,1,1,,6A,,Other,Other,Missing,,2024
,6A,1,1,,6A,,Other,Other,Missing,,2024
,6A,1,1,,6A,,Other,Other,Missing,,2024
,4L,1,,,,,Lande,Missing,Lande,1,2024
,6A,1,1,,6A,,Other,Other,Missing,1,2024
,1,1,,,,,closed,Missing,closed,1,2024
,6A,1,1,,6A,,Other,Other,Missing,1,2024
1,4L,1,,,,,Lande,Missing,Lande,1,2024
1,1,1,,,,,closed,Missing,closed,1,2024
1,3,1,,,,,Opened,Missing,Lande,1,2024
,3,1,,,,,Opened,Missing,Missing,1,2024
,1,1,,,,,closed,Missing,Opened,1,2024
,1,1,,,,,closed,Missing,Opened,,2024
,1,1,,,,,closed,Missing,Opened,,2024
,6A,1,1,,6A,,Other,Other,Missing,,2024
,4L,1,,,,,Lande,Missing,Opened,,2024
,6A,1,1,,6A,,Other,Other,Missing,,2024
,6A,1,1,,6A,,Other,Other,Missing,,2024
,7,1,1,,7,,Other,Other,Missing,,2024
,6A,1,1,,6A,,Other,Other,Missing,,2024
,3,1,,,,,Opened,Missing,Lande,1,2024
,4L,1,4,,3,,Lande,Lande,Lande,1,2024
,6A,1,1,,6A,,Other,Other,Missing,1,2024
,6A,1,1,,6A,,Other,Other,Missing,1,2024
,1,1,,,,,closed,Missing,closed,1,2024
,1,1,4.57142877578735,,1,,closed,closed,closed,1,2024
1,4L,1,,,,,Lande,Missing,Lande,1,2024
1,4L,1,4,,4L,,Lande,Lande,closed,1,2024
,1,1,,,,,closed,Missing,closed,1,2024
,1,1,4.57142877578735,,1,,closed,closed,closed,1,2024
,1,1,,,,,closed,Missing,closed,,2024
,1,1,4.57142877578735,,3,,closed,Other,closed,,2024
,1,1,,,,,closed,Missing,Lande,,2024
,4L,1,8,,4L,,Lande,Lande,Lande,,2024
,1,1,1,,1,,closed,closed,Missing,,2024
,6A,1,1,,6A,,Other,Other,Missing,,2024
,6A,1,1,,6A,,Other,Other,Missing,,2024
,3,1,,,,,Opened,Missing,Lande,,2024
,6A,1,1,,6A,,Other,Other,Missing,1,2024
,4L,1,,,,,Lande,Missing,Lande,1,2024
1,1,1,,,,,closed,Missing,closed,1,2024
,6A,1,1,,6A,,Other,Other,Missing,1,2024
,1,1,,,,,closed,Missing,closed,1,2024
,1,1,,,,,closed,Missing,closed,1,2024
,4L,1,,,,,Lande,Missing,Lande,1,2024
1,6A,1,1,,6A,,Other,Other,Missing,1,2024
,6A,1,1,,6A,,Other,Other,Missing,1,2024
,6A,1,,,,,Other,Missing,Missing,,2024
,1,1,,,,,closed,Missing,Lande,,2024
,6A,1,1,,6A,,Other,Other,Missing,,2024
,9,1,1,,9,,Other,Other,Missing,,2024
,6A,1,1,,6A,,Other,Other,Lande,,2024
,6A,1,1,,6A,,Other,Other,Missing,1,2024
,1,1,2.28571438789368,,1,,closed,closed,closed,1,2024
,6A,1,1,,6A,,Other,Other,Missing,1,2024
,6A,1,1,,6A,,Other,Other,Missing,1,2024
,6A,1,1,,6A,,Other,Other,Missing,1,2024
,1,1,4.57142877578735,,1,,closed,closed,closed,1,2024
,4L,1,,,,,Lande,Missing,Lande,1,2024
1,3,1,4.57142877578735,,4L,,Opened,Opened,Lande,1,2024
,1,1,,,,,closed,Missing,Lande,1,2024
,1,1,4.57142877578735,,3,,closed,Other,closed,,2024
,6A,1,1,,6A,,Other,Other,Missing,,2024
,7,1,1,,7,,Other,Other,Missing,,2024
,7,1,1,,7,,Other,Other,Missing,1,2024
,6A,1,1,,6A,,Other,Other,Missing,1,2024
,1,1,,,,,closed,Missing,Missing,1,2024
,9,1,1,,9,,Other,Other,Missing,1,2024
,9,1,1,,9,,Other,Other,Missing,1,2024
,6A,1,1,,6A,,Other,Other,Missing,1,2024
,3,1,,,,,Opened,Missing,Opened,1,2024
,6A,1,,,,,Other,Missing,Missing,1,2024
,3,1,,,,,Opened,Missing,Lande,1,2024
,1,1,,,,,closed,Missing,closed,1,2024
,1,1,,,,,closed,Missing,Lande,,2024
,6A,1,1,,6A,,Other,Other,closed,,2024
,6A,1,1,,6A,,Other,Other,Missing,,2024
,6A,1,1,,6A,,Other,Other,Missing,,2024
,4L,1,,,,,Lande,Missing,Lande,,2024
,6A,1,1,,6A,,Other,Other,Missing,1,2024
,9,1,1,,9,,Other,Other,Missing,1,2024
,9,1,1,,9,,Other,Other,Missing,1,2024
,6A,1,,,,,Other,Missing,Opened,1,2024
,6A,1,1,,6A,,Other,Other,Missing,1,2024
,6A,1,1,,6A,,Other,Other,Missing,1,2024
,4L,1,,,,,Lande,Missing,Lande,1,2024
,7,1,1,,7,,Other,Other,Lande,,2024
,1,1,,,,,closed,Missing,closed,,2024
,3,1,,,,,Opened,Missing,Lande,,2024
,6A,1,1,,6A,,Other,Other,Missing,,2024
,6A,1,,,,,Other,Missing,Missing,,2024
,1,1,,,,,closed,Missing,closed,,2024
,4L,1,,,,,Lande,Missing,Lande,,2024
,6A,1,1,,6A,,Other,Other,Missing,,2024
,4L,1,,,,,Lande,Missing,Opened,,2024
,9,1,1,,9,,Other,Other,Missing,,2024
,9,1,1,,9,,Other,Other,Missing,,2024
,4L,1,,,,,Lande,Missing,Opened,1,2024
,4L,1,,,,,Lande,Missing,Lande,1,2024
,9,1,1,,9,,Other,Other,Missing,1,2024
,7,1,1,,7,,Other,Other,Missing,,2024
,4L,1,,,,,Lande,Missing,Lande,,2024
,4L,1,,,,,Lande,Missing,Lande,,2024
,4L,1,,,,,Lande,Missing,Lande,,2024
,1,1,,,,,closed,Missing,closed,,2024
,4L,1,8,,4L,,Lande,Lande,Lande,,2024
,1,1,,,,,closed,Missing,closed,,2024
,9,1,1,,9,,Other,Other,Missing,,2024
,9,1,1,,9,,Other,Other,Missing,,2024
,8,1,1,,8,,Other,Other,Missing,,2024
,8,1,1,,8,,Other,Other,Missing,,2024
,4L,1,4,,4L,,Lande,Lande,Missing,1,2024
,3,1,,,,,Opened,Missing,Lande,,2024
,4L,1,4,,4L,,Lande,Lande,Missing,,2024
,9,1,1,,9,,Other,Other,Missing,,2024
,6H,1,1,,6H,,Other,Other,Lande,,2024
,7,1,1,,7,,Other,Other,Missing,,2024
,6A,1,1,,6A,,Other,Other,Lande,,2024
,9,1,1,,9,,Other,Other,Missing,,2024
,7,1,1,,7,,Other,Other,Missing,,2024
,1,1,4.57142877578735,,1,,closed,closed,closed,,2024
,6H,1,1,,6H,,Other,Other,Lande,,2024
,1,1,4.57142877578735,,1,,closed,closed,closed,,2024
,6A,1,1,,6A,,Other,Other,Missing,,2024
